{
  "config": {"view": {"continuousWidth": 300, "continuousHeight": 300}},
  "data": {"name": "data-0e02cbd7c7b3077cc0eaadaa5d7bdca6"},
  "mark": {"type": "boxplot"},
  "encoding": {
    "color": {
      "field": "Status",
      "title": "Cognitive Status",
      "type": "nominal"
    },
    "tooltip": [
      {"field": "Age", "title": "Age", "type": "quantitative"},
      {"field": "nWBV", "title": "Brain Volume", "type": "quantitative"},
      {"field": "Status", "title": "Cognitive Status", "type": "nominal"}
    ],
    "x": {"field": "age_group", "title": "Age Group", "type": "nominal"},
    "y": {
      "field": "nWBV",
      "title": "Normalized Brain Volume",
      "type": "quantitative"
    }
  },
  "height": 300,
  "params": [
    {
      "name": "param_20",
      "select": {"type": "interval", "encodings": ["x", "y"]},
      "bind": "scales"
    }
  ],
  "title": "Brain Volume Across Age Groups by Cognitive Status",
  "width": 450,
  "$schema": "https://vega.github.io/schema/vega-lite/v5.20.1.json",
  "datasets": {
    "data-0e02cbd7c7b3077cc0eaadaa5d7bdca6": [
      {
        "ID": "OAS1_0001_MR1",
        "M/F": "F",
        "Hand": "R",
        "Age": 74,
        "Educ": 2,
        "SES": 3,
        "MMSE": 29,
        "CDR": 0,
        "eTIV": 1344,
        "nWBV": 0.743,
        "ASF": 1.306,
        "Delay": null,
        "Status": "Nondemented",
        "dementia_status": "Nondemented",
        "age_group": "70-80"
      },
      {
        "ID": "OAS1_0002_MR1",
        "M/F": "F",
        "Hand": "R",
        "Age": 55,
        "Educ": 4,
        "SES": 1,
        "MMSE": 29,
        "CDR": 0,
        "eTIV": 1147,
        "nWBV": 0.81,
        "ASF": 1.531,
        "Delay": null,
        "Status": "Nondemented",
        "dementia_status": "Nondemented",
        "age_group": "<60"
      },
      {
        "ID": "OAS1_0003_MR1",
        "M/F": "F",
        "Hand": "R",
        "Age": 73,
        "Educ": 4,
        "SES": 3,
        "MMSE": 27,
        "CDR": 0.5,
        "eTIV": 1454,
        "nWBV": 0.708,
        "ASF": 1.207,
        "Delay": null,
        "Status": "Demented / Impaired",
        "dementia_status": "Demented / Impaired",
        "age_group": "70-80"
      },
      {
        "ID": "OAS1_0010_MR1",
        "M/F": "M",
        "Hand": "R",
        "Age": 74,
        "Educ": 5,
        "SES": 2,
        "MMSE": 30,
        "CDR": 0,
        "eTIV": 1636,
        "nWBV": 0.689,
        "ASF": 1.073,
        "Delay": null,
        "Status": "Nondemented",
        "dementia_status": "Nondemented",
        "age_group": "70-80"
      },
      {
        "ID": "OAS1_0011_MR1",
        "M/F": "F",
        "Hand": "R",
        "Age": 52,
        "Educ": 3,
        "SES": 2,
        "MMSE": 30,
        "CDR": 0,
        "eTIV": 1321,
        "nWBV": 0.827,
        "ASF": 1.329,
        "Delay": null,
        "Status": "Nondemented",
        "dementia_status": "Nondemented",
        "age_group": "<60"
      },
      {
        "ID": "OAS1_0013_MR1",
        "M/F": "F",
        "Hand": "R",
        "Age": 81,
        "Educ": 5,
        "SES": 2,
        "MMSE": 30,
        "CDR": 0,
        "eTIV": 1664,
        "nWBV": 0.679,
        "ASF": 1.055,
        "Delay": null,
        "Status": "Nondemented",
        "dementia_status": "Nondemented",
        "age_group": "80-90"
      },
      {
        "ID": "OAS1_0015_MR1",
        "M/F": "M",
        "Hand": "R",
        "Age": 76,
        "Educ": 2,
        "SES": null,
        "MMSE": 28,
        "CDR": 0.5,
        "eTIV": 1738,
        "nWBV": 0.719,
        "ASF": 1.01,
        "Delay": null,
        "Status": "Demented / Impaired",
        "dementia_status": "Demented / Impaired",
        "age_group": "70-80"
      },
      {
        "ID": "OAS1_0016_MR1",
        "M/F": "M",
        "Hand": "R",
        "Age": 82,
        "Educ": 2,
        "SES": 4,
        "MMSE": 27,
        "CDR": 0.5,
        "eTIV": 1477,
        "nWBV": 0.739,
        "ASF": 1.188,
        "Delay": null,
        "Status": "Demented / Impaired",
        "dementia_status": "Demented / Impaired",
        "age_group": "80-90"
      },
      {
        "ID": "OAS1_0018_MR1",
        "M/F": "M",
        "Hand": "R",
        "Age": 39,
        "Educ": 3,
        "SES": 4,
        "MMSE": 28,
        "CDR": 0,
        "eTIV": 1636,
        "nWBV": 0.813,
        "ASF": 1.073,
        "Delay": null,
        "Status": "Nondemented",
        "dementia_status": "Nondemented",
        "age_group": "<60"
      },
      {
        "ID": "OAS1_0019_MR1",
        "M/F": "F",
        "Hand": "R",
        "Age": 89,
        "Educ": 5,
        "SES": 1,
        "MMSE": 30,
        "CDR": 0,
        "eTIV": 1536,
        "nWBV": 0.715,
        "ASF": 1.142,
        "Delay": null,
        "Status": "Nondemented",
        "dementia_status": "Nondemented",
        "age_group": "80-90"
      },
      {
        "ID": "OAS1_0020_MR1",
        "M/F": "F",
        "Hand": "R",
        "Age": 48,
        "Educ": 5,
        "SES": 2,
        "MMSE": 29,
        "CDR": 0,
        "eTIV": 1326,
        "nWBV": 0.785,
        "ASF": 1.323,
        "Delay": null,
        "Status": "Nondemented",
        "dementia_status": "Nondemented",
        "age_group": "<60"
      },
      {
        "ID": "OAS1_0021_MR1",
        "M/F": "F",
        "Hand": "R",
        "Age": 80,
        "Educ": 3,
        "SES": 3,
        "MMSE": 23,
        "CDR": 0.5,
        "eTIV": 1794,
        "nWBV": 0.765,
        "ASF": 0.978,
        "Delay": null,
        "Status": "Demented / Impaired",
        "dementia_status": "Demented / Impaired",
        "age_group": "80-90"
      },
      {
        "ID": "OAS1_0022_MR1",
        "M/F": "F",
        "Hand": "R",
        "Age": 69,
        "Educ": 2,
        "SES": 4,
        "MMSE": 23,
        "CDR": 0.5,
        "eTIV": 1447,
        "nWBV": 0.757,
        "ASF": 1.213,
        "Delay": null,
        "Status": "Demented / Impaired",
        "dementia_status": "Demented / Impaired",
        "age_group": "60-70"
      },
      {
        "ID": "OAS1_0023_MR1",
        "M/F": "M",
        "Hand": "R",
        "Age": 82,
        "Educ": 2,
        "SES": 3,
        "MMSE": 27,
        "CDR": 0.5,
        "eTIV": 1420,
        "nWBV": 0.71,
        "ASF": 1.236,
        "Delay": null,
        "Status": "Demented / Impaired",
        "dementia_status": "Demented / Impaired",
        "age_group": "80-90"
      },
      {
        "ID": "OAS1_0026_MR1",
        "M/F": "F",
        "Hand": "R",
        "Age": 58,
        "Educ": 5,
        "SES": 1,
        "MMSE": 30,
        "CDR": 0,
        "eTIV": 1235,
        "nWBV": 0.82,
        "ASF": 1.421,
        "Delay": null,
        "Status": "Nondemented",
        "dementia_status": "Nondemented",
        "age_group": "<60"
      },
      {
        "ID": "OAS1_0028_MR1",
        "M/F": "F",
        "Hand": "R",
        "Age": 86,
        "Educ": 2,
        "SES": 4,
        "MMSE": 27,
        "CDR": 1,
        "eTIV": 1449,
        "nWBV": 0.738,
        "ASF": 1.211,
        "Delay": null,
        "Status": "Demented / Impaired",
        "dementia_status": "Demented / Impaired",
        "age_group": "80-90"
      },
      {
        "ID": "OAS1_0030_MR1",
        "M/F": "F",
        "Hand": "R",
        "Age": 65,
        "Educ": 2,
        "SES": 3,
        "MMSE": 29,
        "CDR": 0,
        "eTIV": 1392,
        "nWBV": 0.764,
        "ASF": 1.261,
        "Delay": null,
        "Status": "Nondemented",
        "dementia_status": "Nondemented",
        "age_group": "60-70"
      },
      {
        "ID": "OAS1_0031_MR1",
        "M/F": "M",
        "Hand": "R",
        "Age": 88,
        "Educ": 1,
        "SES": 4,
        "MMSE": 26,
        "CDR": 1,
        "eTIV": 1419,
        "nWBV": 0.674,
        "ASF": 1.236,
        "Delay": null,
        "Status": "Demented / Impaired",
        "dementia_status": "Demented / Impaired",
        "age_group": "80-90"
      },
      {
        "ID": "OAS1_0032_MR1",
        "M/F": "M",
        "Hand": "R",
        "Age": 89,
        "Educ": 4,
        "SES": 1,
        "MMSE": 28,
        "CDR": 0,
        "eTIV": 1631,
        "nWBV": 0.682,
        "ASF": 1.076,
        "Delay": null,
        "Status": "Nondemented",
        "dementia_status": "Nondemented",
        "age_group": "80-90"
      },
      {
        "ID": "OAS1_0033_MR1",
        "M/F": "F",
        "Hand": "R",
        "Age": 80,
        "Educ": 4,
        "SES": 2,
        "MMSE": 29,
        "CDR": 0,
        "eTIV": 1323,
        "nWBV": 0.735,
        "ASF": 1.326,
        "Delay": null,
        "Status": "Nondemented",
        "dementia_status": "Nondemented",
        "age_group": "80-90"
      },
      {
        "ID": "OAS1_0034_MR1",
        "M/F": "M",
        "Hand": "R",
        "Age": 51,
        "Educ": 5,
        "SES": 1,
        "MMSE": 29,
        "CDR": 0,
        "eTIV": 1538,
        "nWBV": 0.831,
        "ASF": 1.141,
        "Delay": null,
        "Status": "Nondemented",
        "dementia_status": "Nondemented",
        "age_group": "<60"
      },
      {
        "ID": "OAS1_0035_MR1",
        "M/F": "F",
        "Hand": "R",
        "Age": 84,
        "Educ": 3,
        "SES": 2,
        "MMSE": 28,
        "CDR": 1,
        "eTIV": 1402,
        "nWBV": 0.695,
        "ASF": 1.252,
        "Delay": null,
        "Status": "Demented / Impaired",
        "dementia_status": "Demented / Impaired",
        "age_group": "80-90"
      },
      {
        "ID": "OAS1_0039_MR1",
        "M/F": "M",
        "Hand": "R",
        "Age": 70,
        "Educ": 4,
        "SES": 3,
        "MMSE": 29,
        "CDR": 0.5,
        "eTIV": 1463,
        "nWBV": 0.772,
        "ASF": 1.2,
        "Delay": null,
        "Status": "Demented / Impaired",
        "dementia_status": "Demented / Impaired",
        "age_group": "70-80"
      },
      {
        "ID": "OAS1_0041_MR1",
        "M/F": "F",
        "Hand": "R",
        "Age": 62,
        "Educ": 2,
        "SES": null,
        "MMSE": 28,
        "CDR": 0.5,
        "eTIV": 1350,
        "nWBV": 0.758,
        "ASF": 1.3,
        "Delay": null,
        "Status": "Demented / Impaired",
        "dementia_status": "Demented / Impaired",
        "age_group": "60-70"
      },
      {
        "ID": "OAS1_0042_MR1",
        "M/F": "M",
        "Hand": "R",
        "Age": 80,
        "Educ": 4,
        "SES": 2,
        "MMSE": 29,
        "CDR": 0.5,
        "eTIV": 1854,
        "nWBV": 0.709,
        "ASF": 0.947,
        "Delay": null,
        "Status": "Demented / Impaired",
        "dementia_status": "Demented / Impaired",
        "age_group": "80-90"
      },
      {
        "ID": "OAS1_0044_MR1",
        "M/F": "F",
        "Hand": "R",
        "Age": 47,
        "Educ": 4,
        "SES": 2,
        "MMSE": 30,
        "CDR": 0,
        "eTIV": 1346,
        "nWBV": 0.829,
        "ASF": 1.304,
        "Delay": null,
        "Status": "Nondemented",
        "dementia_status": "Nondemented",
        "age_group": "<60"
      },
      {
        "ID": "OAS1_0046_MR1",
        "M/F": "M",
        "Hand": "R",
        "Age": 64,
        "Educ": 2,
        "SES": null,
        "MMSE": 22,
        "CDR": 0.5,
        "eTIV": 1351,
        "nWBV": 0.787,
        "ASF": 1.299,
        "Delay": null,
        "Status": "Demented / Impaired",
        "dementia_status": "Demented / Impaired",
        "age_group": "60-70"
      },
      {
        "ID": "OAS1_0052_MR1",
        "M/F": "F",
        "Hand": "R",
        "Age": 78,
        "Educ": 1,
        "SES": 5,
        "MMSE": 23,
        "CDR": 1,
        "eTIV": 1462,
        "nWBV": 0.697,
        "ASF": 1.2,
        "Delay": null,
        "Status": "Demented / Impaired",
        "dementia_status": "Demented / Impaired",
        "age_group": "70-80"
      },
      {
        "ID": "OAS1_0053_MR1",
        "M/F": "F",
        "Hand": "R",
        "Age": 83,
        "Educ": 1,
        "SES": 4,
        "MMSE": 21,
        "CDR": 1,
        "eTIV": 1384,
        "nWBV": 0.699,
        "ASF": 1.268,
        "Delay": null,
        "Status": "Demented / Impaired",
        "dementia_status": "Demented / Impaired",
        "age_group": "80-90"
      },
      {
        "ID": "OAS1_0056_MR1",
        "M/F": "F",
        "Hand": "R",
        "Age": 72,
        "Educ": 3,
        "SES": 3,
        "MMSE": 15,
        "CDR": 1,
        "eTIV": 1324,
        "nWBV": 0.668,
        "ASF": 1.325,
        "Delay": null,
        "Status": "Demented / Impaired",
        "dementia_status": "Demented / Impaired",
        "age_group": "70-80"
      },
      {
        "ID": "OAS1_0058_MR1",
        "M/F": "F",
        "Hand": "R",
        "Age": 46,
        "Educ": 5,
        "SES": 1,
        "MMSE": 30,
        "CDR": 0,
        "eTIV": 1585,
        "nWBV": 0.817,
        "ASF": 1.107,
        "Delay": null,
        "Status": "Nondemented",
        "dementia_status": "Nondemented",
        "age_group": "<60"
      },
      {
        "ID": "OAS1_0060_MR1",
        "M/F": "M",
        "Hand": "R",
        "Age": 79,
        "Educ": 4,
        "SES": null,
        "MMSE": 29,
        "CDR": 0.5,
        "eTIV": 1564,
        "nWBV": 0.734,
        "ASF": 1.122,
        "Delay": null,
        "Status": "Demented / Impaired",
        "dementia_status": "Demented / Impaired",
        "age_group": "70-80"
      },
      {
        "ID": "OAS1_0062_MR1",
        "M/F": "F",
        "Hand": "R",
        "Age": 73,
        "Educ": 3,
        "SES": 2,
        "MMSE": 30,
        "CDR": 0,
        "eTIV": 1456,
        "nWBV": 0.754,
        "ASF": 1.205,
        "Delay": null,
        "Status": "Nondemented",
        "dementia_status": "Nondemented",
        "age_group": "70-80"
      },
      {
        "ID": "OAS1_0064_MR1",
        "M/F": "F",
        "Hand": "R",
        "Age": 77,
        "Educ": 1,
        "SES": 4,
        "MMSE": 29,
        "CDR": 0,
        "eTIV": 1583,
        "nWBV": 0.767,
        "ASF": 1.108,
        "Delay": null,
        "Status": "Nondemented",
        "dementia_status": "Nondemented",
        "age_group": "70-80"
      },
      {
        "ID": "OAS1_0065_MR1",
        "M/F": "M",
        "Hand": "R",
        "Age": 90,
        "Educ": 2,
        "SES": 3,
        "MMSE": 25,
        "CDR": 0,
        "eTIV": 1301,
        "nWBV": 0.645,
        "ASF": 1.349,
        "Delay": null,
        "Status": "Nondemented",
        "dementia_status": "Nondemented",
        "age_group": "90+"
      },
      {
        "ID": "OAS1_0066_MR1",
        "M/F": "F",
        "Hand": "R",
        "Age": 66,
        "Educ": 1,
        "SES": 4,
        "MMSE": 28,
        "CDR": 0.5,
        "eTIV": 1309,
        "nWBV": 0.765,
        "ASF": 1.341,
        "Delay": null,
        "Status": "Demented / Impaired",
        "dementia_status": "Demented / Impaired",
        "age_group": "60-70"
      },
      {
        "ID": "OAS1_0067_MR1",
        "M/F": "F",
        "Hand": "R",
        "Age": 71,
        "Educ": 4,
        "SES": 1,
        "MMSE": 27,
        "CDR": 1,
        "eTIV": 1549,
        "nWBV": 0.73,
        "ASF": 1.133,
        "Delay": null,
        "Status": "Demented / Impaired",
        "dementia_status": "Demented / Impaired",
        "age_group": "70-80"
      },
      {
        "ID": "OAS1_0068_MR1",
        "M/F": "F",
        "Hand": "R",
        "Age": 67,
        "Educ": 3,
        "SES": 4,
        "MMSE": 30,
        "CDR": 0,
        "eTIV": 1508,
        "nWBV": 0.805,
        "ASF": 1.164,
        "Delay": null,
        "Status": "Nondemented",
        "dementia_status": "Nondemented",
        "age_group": "60-70"
      },
      {
        "ID": "OAS1_0069_MR1",
        "M/F": "M",
        "Hand": "R",
        "Age": 33,
        "Educ": 4,
        "SES": 1,
        "MMSE": 30,
        "CDR": 0,
        "eTIV": 1709,
        "nWBV": 0.784,
        "ASF": 1.027,
        "Delay": null,
        "Status": "Nondemented",
        "dementia_status": "Nondemented",
        "age_group": "<60"
      },
      {
        "ID": "OAS1_0070_MR1",
        "M/F": "F",
        "Hand": "R",
        "Age": 63,
        "Educ": 3,
        "SES": 2,
        "MMSE": 30,
        "CDR": 0,
        "eTIV": 1327,
        "nWBV": 0.801,
        "ASF": 1.323,
        "Delay": null,
        "Status": "Nondemented",
        "dementia_status": "Nondemented",
        "age_group": "60-70"
      },
      {
        "ID": "OAS1_0071_MR1",
        "M/F": "F",
        "Hand": "R",
        "Age": 49,
        "Educ": 5,
        "SES": 1,
        "MMSE": 30,
        "CDR": 0,
        "eTIV": 1459,
        "nWBV": 0.808,
        "ASF": 1.203,
        "Delay": null,
        "Status": "Nondemented",
        "dementia_status": "Nondemented",
        "age_group": "<60"
      },
      {
        "ID": "OAS1_0072_MR1",
        "M/F": "F",
        "Hand": "R",
        "Age": 60,
        "Educ": 5,
        "SES": 1,
        "MMSE": 30,
        "CDR": 0,
        "eTIV": 1402,
        "nWBV": 0.823,
        "ASF": 1.252,
        "Delay": null,
        "Status": "Nondemented",
        "dementia_status": "Nondemented",
        "age_group": "60-70"
      },
      {
        "ID": "OAS1_0073_MR1",
        "M/F": "F",
        "Hand": "R",
        "Age": 69,
        "Educ": 2,
        "SES": 4,
        "MMSE": 21,
        "CDR": 1,
        "eTIV": 1495,
        "nWBV": 0.655,
        "ASF": 1.174,
        "Delay": null,
        "Status": "Demented / Impaired",
        "dementia_status": "Demented / Impaired",
        "age_group": "60-70"
      },
      {
        "ID": "OAS1_0074_MR1",
        "M/F": "M",
        "Hand": "R",
        "Age": 43,
        "Educ": 4,
        "SES": null,
        "MMSE": 30,
        "CDR": 0,
        "eTIV": 1547,
        "nWBV": 0.847,
        "ASF": 1.134,
        "Delay": null,
        "Status": "Nondemented",
        "dementia_status": "Nondemented",
        "age_group": "<60"
      },
      {
        "ID": "OAS1_0075_MR1",
        "M/F": "F",
        "Hand": "R",
        "Age": 83,
        "Educ": 3,
        "SES": 2,
        "MMSE": 30,
        "CDR": 0,
        "eTIV": 1335,
        "nWBV": 0.72,
        "ASF": 1.314,
        "Delay": null,
        "Status": "Nondemented",
        "dementia_status": "Nondemented",
        "age_group": "80-90"
      },
      {
        "ID": "OAS1_0078_MR1",
        "M/F": "F",
        "Hand": "R",
        "Age": 64,
        "Educ": 3,
        "SES": 2,
        "MMSE": 30,
        "CDR": 0,
        "eTIV": 1395,
        "nWBV": 0.809,
        "ASF": 1.258,
        "Delay": null,
        "Status": "Nondemented",
        "dementia_status": "Nondemented",
        "age_group": "60-70"
      },
      {
        "ID": "OAS1_0082_MR1",
        "M/F": "F",
        "Hand": "R",
        "Age": 75,
        "Educ": 2,
        "SES": 3,
        "MMSE": 28,
        "CDR": 0.5,
        "eTIV": 1407,
        "nWBV": 0.776,
        "ASF": 1.247,
        "Delay": null,
        "Status": "Demented / Impaired",
        "dementia_status": "Demented / Impaired",
        "age_group": "70-80"
      },
      {
        "ID": "OAS1_0083_MR1",
        "M/F": "F",
        "Hand": "R",
        "Age": 90,
        "Educ": 5,
        "SES": 3,
        "MMSE": 27,
        "CDR": 0,
        "eTIV": 1200,
        "nWBV": 0.727,
        "ASF": 1.462,
        "Delay": null,
        "Status": "Nondemented",
        "dementia_status": "Nondemented",
        "age_group": "90+"
      },
      {
        "ID": "OAS1_0084_MR1",
        "M/F": "F",
        "Hand": "R",
        "Age": 81,
        "Educ": 2,
        "SES": null,
        "MMSE": 27,
        "CDR": 0.5,
        "eTIV": 1453,
        "nWBV": 0.727,
        "ASF": 1.208,
        "Delay": null,
        "Status": "Demented / Impaired",
        "dementia_status": "Demented / Impaired",
        "age_group": "80-90"
      },
      {
        "ID": "OAS1_0085_MR1",
        "M/F": "F",
        "Hand": "R",
        "Age": 70,
        "Educ": 2,
        "SES": 3,
        "MMSE": 29,
        "CDR": 0,
        "eTIV": 1283,
        "nWBV": 0.791,
        "ASF": 1.368,
        "Delay": null,
        "Status": "Nondemented",
        "dementia_status": "Nondemented",
        "age_group": "70-80"
      },
      {
        "ID": "OAS1_0086_MR1",
        "M/F": "F",
        "Hand": "R",
        "Age": 47,
        "Educ": 4,
        "SES": 1,
        "MMSE": 30,
        "CDR": 0,
        "eTIV": 1311,
        "nWBV": 0.835,
        "ASF": 1.339,
        "Delay": null,
        "Status": "Nondemented",
        "dementia_status": "Nondemented",
        "age_group": "<60"
      },
      {
        "ID": "OAS1_0094_MR1",
        "M/F": "F",
        "Hand": "R",
        "Age": 66,
        "Educ": 2,
        "SES": 3,
        "MMSE": 30,
        "CDR": 0.5,
        "eTIV": 1447,
        "nWBV": 0.772,
        "ASF": 1.213,
        "Delay": null,
        "Status": "Demented / Impaired",
        "dementia_status": "Demented / Impaired",
        "age_group": "60-70"
      },
      {
        "ID": "OAS1_0096_MR1",
        "M/F": "F",
        "Hand": "R",
        "Age": 47,
        "Educ": 5,
        "SES": 2,
        "MMSE": 29,
        "CDR": 0,
        "eTIV": 1357,
        "nWBV": 0.809,
        "ASF": 1.294,
        "Delay": null,
        "Status": "Nondemented",
        "dementia_status": "Nondemented",
        "age_group": "<60"
      },
      {
        "ID": "OAS1_0098_MR1",
        "M/F": "F",
        "Hand": "R",
        "Age": 67,
        "Educ": 2,
        "SES": null,
        "MMSE": 18,
        "CDR": 0.5,
        "eTIV": 1653,
        "nWBV": 0.693,
        "ASF": 1.062,
        "Delay": null,
        "Status": "Demented / Impaired",
        "dementia_status": "Demented / Impaired",
        "age_group": "60-70"
      },
      {
        "ID": "OAS1_0106_MR1",
        "M/F": "F",
        "Hand": "R",
        "Age": 81,
        "Educ": 2,
        "SES": 4,
        "MMSE": 30,
        "CDR": 0,
        "eTIV": 1230,
        "nWBV": 0.717,
        "ASF": 1.427,
        "Delay": null,
        "Status": "Nondemented",
        "dementia_status": "Nondemented",
        "age_group": "80-90"
      },
      {
        "ID": "OAS1_0109_MR1",
        "M/F": "F",
        "Hand": "R",
        "Age": 61,
        "Educ": 4,
        "SES": 3,
        "MMSE": 30,
        "CDR": 0,
        "eTIV": 1313,
        "nWBV": 0.813,
        "ASF": 1.337,
        "Delay": null,
        "Status": "Nondemented",
        "dementia_status": "Nondemented",
        "age_group": "60-70"
      },
      {
        "ID": "OAS1_0110_MR1",
        "M/F": "M",
        "Hand": "R",
        "Age": 84,
        "Educ": 3,
        "SES": 4,
        "MMSE": 28,
        "CDR": 0,
        "eTIV": 1483,
        "nWBV": 0.697,
        "ASF": 1.183,
        "Delay": null,
        "Status": "Nondemented",
        "dementia_status": "Nondemented",
        "age_group": "80-90"
      },
      {
        "ID": "OAS1_0112_MR1",
        "M/F": "F",
        "Hand": "R",
        "Age": 69,
        "Educ": 5,
        "SES": 2,
        "MMSE": 29,
        "CDR": 0,
        "eTIV": 1536,
        "nWBV": 0.733,
        "ASF": 1.143,
        "Delay": null,
        "Status": "Nondemented",
        "dementia_status": "Nondemented",
        "age_group": "60-70"
      },
      {
        "ID": "OAS1_0113_MR1",
        "M/F": "F",
        "Hand": "R",
        "Age": 83,
        "Educ": 2,
        "SES": 2,
        "MMSE": 29,
        "CDR": 0,
        "eTIV": 1569,
        "nWBV": 0.768,
        "ASF": 1.118,
        "Delay": null,
        "Status": "Nondemented",
        "dementia_status": "Nondemented",
        "age_group": "80-90"
      },
      {
        "ID": "OAS1_0114_MR1",
        "M/F": "M",
        "Hand": "R",
        "Age": 62,
        "Educ": 2,
        "SES": 4,
        "MMSE": 30,
        "CDR": 0,
        "eTIV": 1378,
        "nWBV": 0.804,
        "ASF": 1.274,
        "Delay": null,
        "Status": "Nondemented",
        "dementia_status": "Nondemented",
        "age_group": "60-70"
      },
      {
        "ID": "OAS1_0115_MR1",
        "M/F": "M",
        "Hand": "R",
        "Age": 72,
        "Educ": 5,
        "SES": 1,
        "MMSE": 26,
        "CDR": 0.5,
        "eTIV": 1911,
        "nWBV": 0.726,
        "ASF": 0.919,
        "Delay": null,
        "Status": "Demented / Impaired",
        "dementia_status": "Demented / Impaired",
        "age_group": "70-80"
      },
      {
        "ID": "OAS1_0116_MR1",
        "M/F": "F",
        "Hand": "R",
        "Age": 52,
        "Educ": 5,
        "SES": 1,
        "MMSE": 30,
        "CDR": 0,
        "eTIV": 1373,
        "nWBV": 0.784,
        "ASF": 1.279,
        "Delay": null,
        "Status": "Nondemented",
        "dementia_status": "Nondemented",
        "age_group": "<60"
      },
      {
        "ID": "OAS1_0120_MR1",
        "M/F": "M",
        "Hand": "R",
        "Age": 70,
        "Educ": 4,
        "SES": 4,
        "MMSE": 26,
        "CDR": 0.5,
        "eTIV": 1796,
        "nWBV": 0.736,
        "ASF": 0.977,
        "Delay": null,
        "Status": "Demented / Impaired",
        "dementia_status": "Demented / Impaired",
        "age_group": "70-80"
      },
      {
        "ID": "OAS1_0122_MR1",
        "M/F": "F",
        "Hand": "R",
        "Age": 83,
        "Educ": 5,
        "SES": 2,
        "MMSE": 22,
        "CDR": 1,
        "eTIV": 1377,
        "nWBV": 0.715,
        "ASF": 1.274,
        "Delay": null,
        "Status": "Demented / Impaired",
        "dementia_status": "Demented / Impaired",
        "age_group": "80-90"
      },
      {
        "ID": "OAS1_0123_MR1",
        "M/F": "F",
        "Hand": "R",
        "Age": 83,
        "Educ": 3,
        "SES": 4,
        "MMSE": 24,
        "CDR": 0.5,
        "eTIV": 1282,
        "nWBV": 0.797,
        "ASF": 1.369,
        "Delay": null,
        "Status": "Demented / Impaired",
        "dementia_status": "Demented / Impaired",
        "age_group": "80-90"
      },
      {
        "ID": "OAS1_0124_MR1",
        "M/F": "M",
        "Hand": "R",
        "Age": 73,
        "Educ": 2,
        "SES": null,
        "MMSE": 23,
        "CDR": 0.5,
        "eTIV": 1661,
        "nWBV": 0.709,
        "ASF": 1.056,
        "Delay": null,
        "Status": "Demented / Impaired",
        "dementia_status": "Demented / Impaired",
        "age_group": "70-80"
      },
      {
        "ID": "OAS1_0130_MR1",
        "M/F": "M",
        "Hand": "R",
        "Age": 68,
        "Educ": 3,
        "SES": 3,
        "MMSE": 26,
        "CDR": 0,
        "eTIV": 1444,
        "nWBV": 0.789,
        "ASF": 1.216,
        "Delay": null,
        "Status": "Nondemented",
        "dementia_status": "Nondemented",
        "age_group": "60-70"
      },
      {
        "ID": "OAS1_0133_MR1",
        "M/F": "F",
        "Hand": "R",
        "Age": 65,
        "Educ": 5,
        "SES": 2,
        "MMSE": 30,
        "CDR": 0,
        "eTIV": 1277,
        "nWBV": 0.814,
        "ASF": 1.374,
        "Delay": null,
        "Status": "Nondemented",
        "dementia_status": "Nondemented",
        "age_group": "60-70"
      },
      {
        "ID": "OAS1_0134_MR1",
        "M/F": "M",
        "Hand": "R",
        "Age": 80,
        "Educ": 2,
        "SES": 4,
        "MMSE": 20,
        "CDR": 1,
        "eTIV": 1494,
        "nWBV": 0.665,
        "ASF": 1.175,
        "Delay": null,
        "Status": "Demented / Impaired",
        "dementia_status": "Demented / Impaired",
        "age_group": "80-90"
      },
      {
        "ID": "OAS1_0135_MR1",
        "M/F": "M",
        "Hand": "R",
        "Age": 64,
        "Educ": 2,
        "SES": 4,
        "MMSE": 29,
        "CDR": 0,
        "eTIV": 1561,
        "nWBV": 0.801,
        "ASF": 1.124,
        "Delay": null,
        "Status": "Nondemented",
        "dementia_status": "Nondemented",
        "age_group": "60-70"
      },
      {
        "ID": "OAS1_0137_MR1",
        "M/F": "F",
        "Hand": "R",
        "Age": 87,
        "Educ": 2,
        "SES": 3,
        "MMSE": 22,
        "CDR": 1,
        "eTIV": 1499,
        "nWBV": 0.672,
        "ASF": 1.171,
        "Delay": null,
        "Status": "Demented / Impaired",
        "dementia_status": "Demented / Impaired",
        "age_group": "80-90"
      },
      {
        "ID": "OAS1_0138_MR1",
        "M/F": "M",
        "Hand": "R",
        "Age": 80,
        "Educ": 2,
        "SES": 4,
        "MMSE": 28,
        "CDR": 0,
        "eTIV": 1689,
        "nWBV": 0.706,
        "ASF": 1.039,
        "Delay": null,
        "Status": "Nondemented",
        "dementia_status": "Nondemented",
        "age_group": "80-90"
      },
      {
        "ID": "OAS1_0139_MR1",
        "M/F": "F",
        "Hand": "R",
        "Age": 72,
        "Educ": 3,
        "SES": 3,
        "MMSE": 28,
        "CDR": 0,
        "eTIV": 1512,
        "nWBV": 0.779,
        "ASF": 1.161,
        "Delay": null,
        "Status": "Nondemented",
        "dementia_status": "Nondemented",
        "age_group": "70-80"
      },
      {
        "ID": "OAS1_0142_MR1",
        "M/F": "M",
        "Hand": "R",
        "Age": 70,
        "Educ": 4,
        "SES": 1,
        "MMSE": 27,
        "CDR": 0.5,
        "eTIV": 1581,
        "nWBV": 0.695,
        "ASF": 1.11,
        "Delay": null,
        "Status": "Demented / Impaired",
        "dementia_status": "Demented / Impaired",
        "age_group": "70-80"
      },
      {
        "ID": "OAS1_0143_MR1",
        "M/F": "M",
        "Hand": "R",
        "Age": 66,
        "Educ": 2,
        "SES": 4,
        "MMSE": 30,
        "CDR": 0.5,
        "eTIV": 1446,
        "nWBV": 0.784,
        "ASF": 1.214,
        "Delay": null,
        "Status": "Demented / Impaired",
        "dementia_status": "Demented / Impaired",
        "age_group": "60-70"
      },
      {
        "ID": "OAS1_0146_MR1",
        "M/F": "F",
        "Hand": "R",
        "Age": 82,
        "Educ": 5,
        "SES": 1,
        "MMSE": 28,
        "CDR": 0,
        "eTIV": 1513,
        "nWBV": 0.742,
        "ASF": 1.16,
        "Delay": null,
        "Status": "Nondemented",
        "dementia_status": "Nondemented",
        "age_group": "80-90"
      },
      {
        "ID": "OAS1_0155_MR1",
        "M/F": "M",
        "Hand": "R",
        "Age": 71,
        "Educ": 4,
        "SES": null,
        "MMSE": 28,
        "CDR": 0.5,
        "eTIV": 1359,
        "nWBV": 0.753,
        "ASF": 1.291,
        "Delay": null,
        "Status": "Demented / Impaired",
        "dementia_status": "Demented / Impaired",
        "age_group": "70-80"
      },
      {
        "ID": "OAS1_0157_MR1",
        "M/F": "F",
        "Hand": "R",
        "Age": 86,
        "Educ": 4,
        "SES": 3,
        "MMSE": 30,
        "CDR": 0,
        "eTIV": 1293,
        "nWBV": 0.756,
        "ASF": 1.357,
        "Delay": null,
        "Status": "Nondemented",
        "dementia_status": "Nondemented",
        "age_group": "80-90"
      },
      {
        "ID": "OAS1_0158_MR1",
        "M/F": "M",
        "Hand": "R",
        "Age": 81,
        "Educ": 5,
        "SES": 1,
        "MMSE": 26,
        "CDR": 0.5,
        "eTIV": 1556,
        "nWBV": 0.689,
        "ASF": 1.128,
        "Delay": null,
        "Status": "Demented / Impaired",
        "dementia_status": "Demented / Impaired",
        "age_group": "80-90"
      },
      {
        "ID": "OAS1_0161_MR1",
        "M/F": "F",
        "Hand": "R",
        "Age": 84,
        "Educ": 2,
        "SES": 2,
        "MMSE": 27,
        "CDR": 0.5,
        "eTIV": 1390,
        "nWBV": 0.727,
        "ASF": 1.263,
        "Delay": null,
        "Status": "Demented / Impaired",
        "dementia_status": "Demented / Impaired",
        "age_group": "80-90"
      },
      {
        "ID": "OAS1_0164_MR1",
        "M/F": "F",
        "Hand": "R",
        "Age": 81,
        "Educ": 2,
        "SES": 3,
        "MMSE": 28,
        "CDR": 0.5,
        "eTIV": 1495,
        "nWBV": 0.687,
        "ASF": 1.174,
        "Delay": null,
        "Status": "Demented / Impaired",
        "dementia_status": "Demented / Impaired",
        "age_group": "80-90"
      },
      {
        "ID": "OAS1_0165_MR1",
        "M/F": "F",
        "Hand": "R",
        "Age": 74,
        "Educ": 2,
        "SES": 3,
        "MMSE": 29,
        "CDR": 0,
        "eTIV": 1395,
        "nWBV": 0.787,
        "ASF": 1.258,
        "Delay": null,
        "Status": "Nondemented",
        "dementia_status": "Nondemented",
        "age_group": "70-80"
      },
      {
        "ID": "OAS1_0166_MR1",
        "M/F": "F",
        "Hand": "R",
        "Age": 80,
        "Educ": 2,
        "SES": null,
        "MMSE": 27,
        "CDR": 0.5,
        "eTIV": 1475,
        "nWBV": 0.771,
        "ASF": 1.19,
        "Delay": null,
        "Status": "Demented / Impaired",
        "dementia_status": "Demented / Impaired",
        "age_group": "80-90"
      },
      {
        "ID": "OAS1_0169_MR1",
        "M/F": "F",
        "Hand": "R",
        "Age": 88,
        "Educ": 2,
        "SES": 3,
        "MMSE": 30,
        "CDR": 0,
        "eTIV": 1445,
        "nWBV": 0.718,
        "ASF": 1.215,
        "Delay": null,
        "Status": "Nondemented",
        "dementia_status": "Nondemented",
        "age_group": "80-90"
      },
      {
        "ID": "OAS1_0170_MR1",
        "M/F": "M",
        "Hand": "R",
        "Age": 71,
        "Educ": 2,
        "SES": 4,
        "MMSE": 29,
        "CDR": 0,
        "eTIV": 1455,
        "nWBV": 0.725,
        "ASF": 1.206,
        "Delay": null,
        "Status": "Nondemented",
        "dementia_status": "Nondemented",
        "age_group": "70-80"
      },
      {
        "ID": "OAS1_0176_MR1",
        "M/F": "F",
        "Hand": "R",
        "Age": 88,
        "Educ": 3,
        "SES": 1,
        "MMSE": 29,
        "CDR": 0,
        "eTIV": 1398,
        "nWBV": 0.712,
        "ASF": 1.255,
        "Delay": null,
        "Status": "Nondemented",
        "dementia_status": "Nondemented",
        "age_group": "80-90"
      },
      {
        "ID": "OAS1_0177_MR1",
        "M/F": "F",
        "Hand": "R",
        "Age": 54,
        "Educ": 4,
        "SES": 1,
        "MMSE": 30,
        "CDR": 0,
        "eTIV": 1494,
        "nWBV": 0.838,
        "ASF": 1.174,
        "Delay": null,
        "Status": "Nondemented",
        "dementia_status": "Nondemented",
        "age_group": "<60"
      },
      {
        "ID": "OAS1_0179_MR1",
        "M/F": "F",
        "Hand": "R",
        "Age": 87,
        "Educ": 2,
        "SES": 4,
        "MMSE": 21,
        "CDR": 0.5,
        "eTIV": 1250,
        "nWBV": 0.653,
        "ASF": 1.405,
        "Delay": null,
        "Status": "Demented / Impaired",
        "dementia_status": "Demented / Impaired",
        "age_group": "80-90"
      },
      {
        "ID": "OAS1_0180_MR1",
        "M/F": "F",
        "Hand": "R",
        "Age": 80,
        "Educ": 4,
        "SES": 2,
        "MMSE": 30,
        "CDR": 0,
        "eTIV": 1496,
        "nWBV": 0.745,
        "ASF": 1.173,
        "Delay": null,
        "Status": "Nondemented",
        "dementia_status": "Nondemented",
        "age_group": "80-90"
      },
      {
        "ID": "OAS1_0181_MR1",
        "M/F": "F",
        "Hand": "R",
        "Age": 49,
        "Educ": 4,
        "SES": 2,
        "MMSE": 30,
        "CDR": 0,
        "eTIV": 1316,
        "nWBV": 0.82,
        "ASF": 1.334,
        "Delay": null,
        "Status": "Nondemented",
        "dementia_status": "Nondemented",
        "age_group": "<60"
      },
      {
        "ID": "OAS1_0184_MR1",
        "M/F": "F",
        "Hand": "R",
        "Age": 65,
        "Educ": 2,
        "SES": null,
        "MMSE": 16,
        "CDR": 1,
        "eTIV": 1521,
        "nWBV": 0.669,
        "ASF": 1.154,
        "Delay": null,
        "Status": "Demented / Impaired",
        "dementia_status": "Demented / Impaired",
        "age_group": "60-70"
      },
      {
        "ID": "OAS1_0185_MR1",
        "M/F": "F",
        "Hand": "R",
        "Age": 78,
        "Educ": 2,
        "SES": 4,
        "MMSE": 17,
        "CDR": 1,
        "eTIV": 1314,
        "nWBV": 0.739,
        "ASF": 1.336,
        "Delay": null,
        "Status": "Demented / Impaired",
        "dementia_status": "Demented / Impaired",
        "age_group": "70-80"
      },
      {
        "ID": "OAS1_0186_MR1",
        "M/F": "M",
        "Hand": "R",
        "Age": 84,
        "Educ": 5,
        "SES": 1,
        "MMSE": 29,
        "CDR": 0,
        "eTIV": 1707,
        "nWBV": 0.731,
        "ASF": 1.028,
        "Delay": null,
        "Status": "Nondemented",
        "dementia_status": "Nondemented",
        "age_group": "80-90"
      },
      {
        "ID": "OAS1_0188_MR1",
        "M/F": "M",
        "Hand": "R",
        "Age": 48,
        "Educ": 4,
        "SES": 2,
        "MMSE": 30,
        "CDR": 0,
        "eTIV": 1464,
        "nWBV": 0.79,
        "ASF": 1.199,
        "Delay": null,
        "Status": "Nondemented",
        "dementia_status": "Nondemented",
        "age_group": "<60"
      },
      {
        "ID": "OAS1_0195_MR1",
        "M/F": "F",
        "Hand": "R",
        "Age": 76,
        "Educ": 4,
        "SES": 1,
        "MMSE": 28,
        "CDR": 0,
        "eTIV": 1346,
        "nWBV": 0.766,
        "ASF": 1.304,
        "Delay": null,
        "Status": "Nondemented",
        "dementia_status": "Nondemented",
        "age_group": "70-80"
      },
      {
        "ID": "OAS1_0197_MR1",
        "M/F": "F",
        "Hand": "R",
        "Age": 89,
        "Educ": 3,
        "SES": 3,
        "MMSE": 29,
        "CDR": 0,
        "eTIV": 1154,
        "nWBV": 0.747,
        "ASF": 1.521,
        "Delay": null,
        "Status": "Nondemented",
        "dementia_status": "Nondemented",
        "age_group": "80-90"
      },
      {
        "ID": "OAS1_0199_MR1",
        "M/F": "M",
        "Hand": "R",
        "Age": 69,
        "Educ": 5,
        "SES": 1,
        "MMSE": 30,
        "CDR": 0,
        "eTIV": 1601,
        "nWBV": 0.784,
        "ASF": 1.096,
        "Delay": null,
        "Status": "Nondemented",
        "dementia_status": "Nondemented",
        "age_group": "60-70"
      },
      {
        "ID": "OAS1_0200_MR1",
        "M/F": "F",
        "Hand": "R",
        "Age": 60,
        "Educ": 2,
        "SES": 4,
        "MMSE": 30,
        "CDR": 0,
        "eTIV": 1366,
        "nWBV": 0.807,
        "ASF": 1.285,
        "Delay": null,
        "Status": "Nondemented",
        "dementia_status": "Nondemented",
        "age_group": "60-70"
      },
      {
        "ID": "OAS1_0201_MR1",
        "M/F": "F",
        "Hand": "R",
        "Age": 85,
        "Educ": 4,
        "SES": 1,
        "MMSE": 26,
        "CDR": 0,
        "eTIV": 1460,
        "nWBV": 0.754,
        "ASF": 1.202,
        "Delay": null,
        "Status": "Nondemented",
        "dementia_status": "Nondemented",
        "age_group": "80-90"
      },
      {
        "ID": "OAS1_0203_MR1",
        "M/F": "F",
        "Hand": "R",
        "Age": 71,
        "Educ": 2,
        "SES": 3,
        "MMSE": 30,
        "CDR": 0,
        "eTIV": 1360,
        "nWBV": 0.779,
        "ASF": 1.291,
        "Delay": null,
        "Status": "Nondemented",
        "dementia_status": "Nondemented",
        "age_group": "70-80"
      },
      {
        "ID": "OAS1_0204_MR1",
        "M/F": "M",
        "Hand": "R",
        "Age": 48,
        "Educ": 4,
        "SES": 1,
        "MMSE": 29,
        "CDR": 0,
        "eTIV": 1430,
        "nWBV": 0.797,
        "ASF": 1.227,
        "Delay": null,
        "Status": "Nondemented",
        "dementia_status": "Nondemented",
        "age_group": "<60"
      },
      {
        "ID": "OAS1_0205_MR1",
        "M/F": "M",
        "Hand": "R",
        "Age": 75,
        "Educ": 4,
        "SES": 1,
        "MMSE": 30,
        "CDR": 0.5,
        "eTIV": 1891,
        "nWBV": 0.716,
        "ASF": 0.928,
        "Delay": null,
        "Status": "Demented / Impaired",
        "dementia_status": "Demented / Impaired",
        "age_group": "70-80"
      },
      {
        "ID": "OAS1_0206_MR1",
        "M/F": "F",
        "Hand": "R",
        "Age": 78,
        "Educ": 5,
        "SES": 1,
        "MMSE": 30,
        "CDR": 0,
        "eTIV": 1243,
        "nWBV": 0.747,
        "ASF": 1.412,
        "Delay": null,
        "Status": "Nondemented",
        "dementia_status": "Nondemented",
        "age_group": "70-80"
      },
      {
        "ID": "OAS1_0207_MR1",
        "M/F": "M",
        "Hand": "R",
        "Age": 51,
        "Educ": 5,
        "SES": 2,
        "MMSE": 29,
        "CDR": 0,
        "eTIV": 1714,
        "nWBV": 0.819,
        "ASF": 1.024,
        "Delay": null,
        "Status": "Nondemented",
        "dementia_status": "Nondemented",
        "age_group": "<60"
      },
      {
        "ID": "OAS1_0208_MR1",
        "M/F": "F",
        "Hand": "R",
        "Age": 55,
        "Educ": 5,
        "SES": 1,
        "MMSE": 29,
        "CDR": 0,
        "eTIV": 1368,
        "nWBV": 0.823,
        "ASF": 1.283,
        "Delay": null,
        "Status": "Nondemented",
        "dementia_status": "Nondemented",
        "age_group": "<60"
      },
      {
        "ID": "OAS1_0210_MR1",
        "M/F": "F",
        "Hand": "R",
        "Age": 73,
        "Educ": 4,
        "SES": 1,
        "MMSE": 28,
        "CDR": 0.5,
        "eTIV": 1676,
        "nWBV": 0.722,
        "ASF": 1.047,
        "Delay": null,
        "Status": "Demented / Impaired",
        "dementia_status": "Demented / Impaired",
        "age_group": "70-80"
      },
      {
        "ID": "OAS1_0212_MR1",
        "M/F": "F",
        "Hand": "R",
        "Age": 74,
        "Educ": 3,
        "SES": null,
        "MMSE": 28,
        "CDR": 0,
        "eTIV": 1614,
        "nWBV": 0.697,
        "ASF": 1.087,
        "Delay": null,
        "Status": "Nondemented",
        "dementia_status": "Nondemented",
        "age_group": "70-80"
      },
      {
        "ID": "OAS1_0216_MR1",
        "M/F": "F",
        "Hand": "R",
        "Age": 71,
        "Educ": 4,
        "SES": 3,
        "MMSE": 30,
        "CDR": 0,
        "eTIV": 1503,
        "nWBV": 0.792,
        "ASF": 1.168,
        "Delay": null,
        "Status": "Nondemented",
        "dementia_status": "Nondemented",
        "age_group": "70-80"
      },
      {
        "ID": "OAS1_0217_MR1",
        "M/F": "F",
        "Hand": "R",
        "Age": 78,
        "Educ": 4,
        "SES": 3,
        "MMSE": 27,
        "CDR": 0.5,
        "eTIV": 1393,
        "nWBV": 0.692,
        "ASF": 1.26,
        "Delay": null,
        "Status": "Demented / Impaired",
        "dementia_status": "Demented / Impaired",
        "age_group": "70-80"
      },
      {
        "ID": "OAS1_0220_MR1",
        "M/F": "F",
        "Hand": "R",
        "Age": 75,
        "Educ": 5,
        "SES": 1,
        "MMSE": 30,
        "CDR": 0,
        "eTIV": 1317,
        "nWBV": 0.742,
        "ASF": 1.332,
        "Delay": null,
        "Status": "Nondemented",
        "dementia_status": "Nondemented",
        "age_group": "70-80"
      },
      {
        "ID": "OAS1_0221_MR1",
        "M/F": "F",
        "Hand": "R",
        "Age": 94,
        "Educ": 5,
        "SES": 1,
        "MMSE": 29,
        "CDR": 0,
        "eTIV": 1474,
        "nWBV": 0.696,
        "ASF": 1.19,
        "Delay": null,
        "Status": "Nondemented",
        "dementia_status": "Nondemented",
        "age_group": "90+"
      },
      {
        "ID": "OAS1_0223_MR1",
        "M/F": "M",
        "Hand": "R",
        "Age": 84,
        "Educ": 2,
        "SES": null,
        "MMSE": 20,
        "CDR": 1,
        "eTIV": 1641,
        "nWBV": 0.703,
        "ASF": 1.07,
        "Delay": null,
        "Status": "Demented / Impaired",
        "dementia_status": "Demented / Impaired",
        "age_group": "80-90"
      },
      {
        "ID": "OAS1_0226_MR1",
        "M/F": "M",
        "Hand": "R",
        "Age": 90,
        "Educ": 1,
        "SES": 4,
        "MMSE": 23,
        "CDR": 0.5,
        "eTIV": 1668,
        "nWBV": 0.644,
        "ASF": 1.052,
        "Delay": null,
        "Status": "Demented / Impaired",
        "dementia_status": "Demented / Impaired",
        "age_group": "90+"
      },
      {
        "ID": "OAS1_0228_MR1",
        "M/F": "F",
        "Hand": "R",
        "Age": 81,
        "Educ": 3,
        "SES": 2,
        "MMSE": 28,
        "CDR": 0,
        "eTIV": 1486,
        "nWBV": 0.759,
        "ASF": 1.181,
        "Delay": null,
        "Status": "Nondemented",
        "dementia_status": "Nondemented",
        "age_group": "80-90"
      },
      {
        "ID": "OAS1_0229_MR1",
        "M/F": "F",
        "Hand": "R",
        "Age": 55,
        "Educ": 3,
        "SES": 3,
        "MMSE": 30,
        "CDR": 0,
        "eTIV": 1327,
        "nWBV": 0.832,
        "ASF": 1.323,
        "Delay": null,
        "Status": "Nondemented",
        "dementia_status": "Nondemented",
        "age_group": "<60"
      },
      {
        "ID": "OAS1_0233_MR1",
        "M/F": "F",
        "Hand": "R",
        "Age": 77,
        "Educ": 1,
        "SES": 4,
        "MMSE": 20,
        "CDR": 0.5,
        "eTIV": 1376,
        "nWBV": 0.701,
        "ASF": 1.275,
        "Delay": null,
        "Status": "Demented / Impaired",
        "dementia_status": "Demented / Impaired",
        "age_group": "70-80"
      },
      {
        "ID": "OAS1_0234_MR1",
        "M/F": "M",
        "Hand": "R",
        "Age": 75,
        "Educ": 5,
        "SES": 2,
        "MMSE": 29,
        "CDR": 0,
        "eTIV": 1534,
        "nWBV": 0.771,
        "ASF": 1.144,
        "Delay": null,
        "Status": "Nondemented",
        "dementia_status": "Nondemented",
        "age_group": "70-80"
      },
      {
        "ID": "OAS1_0237_MR1",
        "M/F": "F",
        "Hand": "R",
        "Age": 72,
        "Educ": 2,
        "SES": 2,
        "MMSE": 27,
        "CDR": 0,
        "eTIV": 1322,
        "nWBV": 0.764,
        "ASF": 1.328,
        "Delay": null,
        "Status": "Nondemented",
        "dementia_status": "Nondemented",
        "age_group": "70-80"
      },
      {
        "ID": "OAS1_0238_MR1",
        "M/F": "F",
        "Hand": "R",
        "Age": 77,
        "Educ": 2,
        "SES": 3,
        "MMSE": 28,
        "CDR": 0.5,
        "eTIV": 1484,
        "nWBV": 0.786,
        "ASF": 1.182,
        "Delay": null,
        "Status": "Demented / Impaired",
        "dementia_status": "Demented / Impaired",
        "age_group": "70-80"
      },
      {
        "ID": "OAS1_0240_MR1",
        "M/F": "F",
        "Hand": "R",
        "Age": 74,
        "Educ": 2,
        "SES": null,
        "MMSE": 26,
        "CDR": 0.5,
        "eTIV": 1171,
        "nWBV": 0.736,
        "ASF": 1.499,
        "Delay": null,
        "Status": "Demented / Impaired",
        "dementia_status": "Demented / Impaired",
        "age_group": "70-80"
      },
      {
        "ID": "OAS1_0241_MR1",
        "M/F": "F",
        "Hand": "R",
        "Age": 74,
        "Educ": 5,
        "SES": 2,
        "MMSE": 30,
        "CDR": 0,
        "eTIV": 1400,
        "nWBV": 0.754,
        "ASF": 1.254,
        "Delay": null,
        "Status": "Nondemented",
        "dementia_status": "Nondemented",
        "age_group": "70-80"
      },
      {
        "ID": "OAS1_0243_MR1",
        "M/F": "M",
        "Hand": "R",
        "Age": 64,
        "Educ": 5,
        "SES": 2,
        "MMSE": 22,
        "CDR": 0.5,
        "eTIV": 1547,
        "nWBV": 0.742,
        "ASF": 1.134,
        "Delay": null,
        "Status": "Demented / Impaired",
        "dementia_status": "Demented / Impaired",
        "age_group": "60-70"
      },
      {
        "ID": "OAS1_0244_MR1",
        "M/F": "F",
        "Hand": "R",
        "Age": 80,
        "Educ": 4,
        "SES": 2,
        "MMSE": 29,
        "CDR": 0,
        "eTIV": 1341,
        "nWBV": 0.737,
        "ASF": 1.309,
        "Delay": null,
        "Status": "Nondemented",
        "dementia_status": "Nondemented",
        "age_group": "80-90"
      },
      {
        "ID": "OAS1_0247_MR1",
        "M/F": "M",
        "Hand": "R",
        "Age": 90,
        "Educ": 2,
        "SES": 3,
        "MMSE": 21,
        "CDR": 0.5,
        "eTIV": 1307,
        "nWBV": 0.689,
        "ASF": 1.342,
        "Delay": null,
        "Status": "Demented / Impaired",
        "dementia_status": "Demented / Impaired",
        "age_group": "90+"
      },
      {
        "ID": "OAS1_0254_MR1",
        "M/F": "F",
        "Hand": "R",
        "Age": 85,
        "Educ": 5,
        "SES": 1,
        "MMSE": 29,
        "CDR": 0,
        "eTIV": 1264,
        "nWBV": 0.705,
        "ASF": 1.388,
        "Delay": null,
        "Status": "Nondemented",
        "dementia_status": "Nondemented",
        "age_group": "80-90"
      },
      {
        "ID": "OAS1_0255_MR1",
        "M/F": "F",
        "Hand": "R",
        "Age": 71,
        "Educ": 5,
        "SES": 1,
        "MMSE": 30,
        "CDR": 0,
        "eTIV": 1426,
        "nWBV": 0.737,
        "ASF": 1.231,
        "Delay": null,
        "Status": "Nondemented",
        "dementia_status": "Nondemented",
        "age_group": "70-80"
      },
      {
        "ID": "OAS1_0256_MR1",
        "M/F": "M",
        "Hand": "R",
        "Age": 70,
        "Educ": 5,
        "SES": 1,
        "MMSE": 30,
        "CDR": 0,
        "eTIV": 1660,
        "nWBV": 0.739,
        "ASF": 1.057,
        "Delay": null,
        "Status": "Nondemented",
        "dementia_status": "Nondemented",
        "age_group": "70-80"
      },
      {
        "ID": "OAS1_0259_MR1",
        "M/F": "F",
        "Hand": "R",
        "Age": 78,
        "Educ": 3,
        "SES": 2,
        "MMSE": 29,
        "CDR": 0,
        "eTIV": 1334,
        "nWBV": 0.773,
        "ASF": 1.316,
        "Delay": null,
        "Status": "Nondemented",
        "dementia_status": "Nondemented",
        "age_group": "70-80"
      },
      {
        "ID": "OAS1_0260_MR1",
        "M/F": "M",
        "Hand": "R",
        "Age": 87,
        "Educ": 2,
        "SES": 4,
        "MMSE": 30,
        "CDR": 0,
        "eTIV": 1762,
        "nWBV": 0.719,
        "ASF": 0.996,
        "Delay": null,
        "Status": "Nondemented",
        "dementia_status": "Nondemented",
        "age_group": "80-90"
      },
      {
        "ID": "OAS1_0262_MR1",
        "M/F": "M",
        "Hand": "R",
        "Age": 46,
        "Educ": 2,
        "SES": 3,
        "MMSE": 30,
        "CDR": 0,
        "eTIV": 1604,
        "nWBV": 0.784,
        "ASF": 1.094,
        "Delay": null,
        "Status": "Nondemented",
        "dementia_status": "Nondemented",
        "age_group": "<60"
      },
      {
        "ID": "OAS1_0263_MR1",
        "M/F": "M",
        "Hand": "R",
        "Age": 79,
        "Educ": 4,
        "SES": 1,
        "MMSE": 30,
        "CDR": 0.5,
        "eTIV": 1722,
        "nWBV": 0.709,
        "ASF": 1.019,
        "Delay": null,
        "Status": "Demented / Impaired",
        "dementia_status": "Demented / Impaired",
        "age_group": "70-80"
      },
      {
        "ID": "OAS1_0266_MR1",
        "M/F": "M",
        "Hand": "R",
        "Age": 51,
        "Educ": 5,
        "SES": 1,
        "MMSE": 30,
        "CDR": 0,
        "eTIV": 1793,
        "nWBV": 0.834,
        "ASF": 0.979,
        "Delay": null,
        "Status": "Nondemented",
        "dementia_status": "Nondemented",
        "age_group": "<60"
      },
      {
        "ID": "OAS1_0267_MR1",
        "M/F": "M",
        "Hand": "R",
        "Age": 80,
        "Educ": 5,
        "SES": 2,
        "MMSE": 28,
        "CDR": 0.5,
        "eTIV": 1506,
        "nWBV": 0.679,
        "ASF": 1.166,
        "Delay": null,
        "Status": "Demented / Impaired",
        "dementia_status": "Demented / Impaired",
        "age_group": "80-90"
      },
      {
        "ID": "OAS1_0268_MR1",
        "M/F": "M",
        "Hand": "R",
        "Age": 78,
        "Educ": 2,
        "SES": 3,
        "MMSE": 23,
        "CDR": 1,
        "eTIV": 1491,
        "nWBV": 0.715,
        "ASF": 1.177,
        "Delay": null,
        "Status": "Demented / Impaired",
        "dementia_status": "Demented / Impaired",
        "age_group": "70-80"
      },
      {
        "ID": "OAS1_0269_MR1",
        "M/F": "F",
        "Hand": "R",
        "Age": 72,
        "Educ": 1,
        "SES": 4,
        "MMSE": 21,
        "CDR": 1,
        "eTIV": 1489,
        "nWBV": 0.683,
        "ASF": 1.179,
        "Delay": null,
        "Status": "Demented / Impaired",
        "dementia_status": "Demented / Impaired",
        "age_group": "70-80"
      },
      {
        "ID": "OAS1_0270_MR1",
        "M/F": "F",
        "Hand": "R",
        "Age": 93,
        "Educ": 3,
        "SES": 2,
        "MMSE": 30,
        "CDR": 0,
        "eTIV": 1272,
        "nWBV": 0.703,
        "ASF": 1.38,
        "Delay": null,
        "Status": "Nondemented",
        "dementia_status": "Nondemented",
        "age_group": "90+"
      },
      {
        "ID": "OAS1_0271_MR1",
        "M/F": "F",
        "Hand": "R",
        "Age": 89,
        "Educ": 2,
        "SES": 4,
        "MMSE": 27,
        "CDR": 0,
        "eTIV": 1329,
        "nWBV": 0.74,
        "ASF": 1.32,
        "Delay": null,
        "Status": "Nondemented",
        "dementia_status": "Nondemented",
        "age_group": "80-90"
      },
      {
        "ID": "OAS1_0272_MR1",
        "M/F": "F",
        "Hand": "R",
        "Age": 75,
        "Educ": 3,
        "SES": 2,
        "MMSE": 26,
        "CDR": 0.5,
        "eTIV": 1355,
        "nWBV": 0.745,
        "ASF": 1.296,
        "Delay": null,
        "Status": "Demented / Impaired",
        "dementia_status": "Demented / Impaired",
        "age_group": "70-80"
      },
      {
        "ID": "OAS1_0273_MR1",
        "M/F": "F",
        "Hand": "R",
        "Age": 89,
        "Educ": 1,
        "SES": 4,
        "MMSE": 18,
        "CDR": 0.5,
        "eTIV": 1480,
        "nWBV": 0.676,
        "ASF": 1.186,
        "Delay": null,
        "Status": "Demented / Impaired",
        "dementia_status": "Demented / Impaired",
        "age_group": "80-90"
      },
      {
        "ID": "OAS1_0274_MR1",
        "M/F": "F",
        "Hand": "R",
        "Age": 58,
        "Educ": 3,
        "SES": 3,
        "MMSE": 30,
        "CDR": 0,
        "eTIV": 1373,
        "nWBV": 0.815,
        "ASF": 1.278,
        "Delay": null,
        "Status": "Nondemented",
        "dementia_status": "Nondemented",
        "age_group": "<60"
      },
      {
        "ID": "OAS1_0278_MR1",
        "M/F": "F",
        "Hand": "R",
        "Age": 96,
        "Educ": 5,
        "SES": 1,
        "MMSE": 26,
        "CDR": 1,
        "eTIV": 1465,
        "nWBV": 0.684,
        "ASF": 1.198,
        "Delay": null,
        "Status": "Demented / Impaired",
        "dementia_status": "Demented / Impaired",
        "age_group": "90+"
      },
      {
        "ID": "OAS1_0279_MR1",
        "M/F": "F",
        "Hand": "R",
        "Age": 73,
        "Educ": 1,
        "SES": 4,
        "MMSE": 30,
        "CDR": 0,
        "eTIV": 1475,
        "nWBV": 0.721,
        "ASF": 1.19,
        "Delay": null,
        "Status": "Nondemented",
        "dementia_status": "Nondemented",
        "age_group": "70-80"
      },
      {
        "ID": "OAS1_0280_MR1",
        "M/F": "F",
        "Hand": "R",
        "Age": 78,
        "Educ": 5,
        "SES": 1,
        "MMSE": 30,
        "CDR": 0,
        "eTIV": 1440,
        "nWBV": 0.67,
        "ASF": 1.219,
        "Delay": null,
        "Status": "Nondemented",
        "dementia_status": "Nondemented",
        "age_group": "70-80"
      },
      {
        "ID": "OAS1_0284_MR1",
        "M/F": "F",
        "Hand": "R",
        "Age": 91,
        "Educ": 5,
        "SES": 2,
        "MMSE": 30,
        "CDR": 0,
        "eTIV": 1714,
        "nWBV": 0.746,
        "ASF": 1.024,
        "Delay": null,
        "Status": "Nondemented",
        "dementia_status": "Nondemented",
        "age_group": "90+"
      },
      {
        "ID": "OAS1_0286_MR1",
        "M/F": "F",
        "Hand": "R",
        "Age": 83,
        "Educ": 3,
        "SES": 2,
        "MMSE": 20,
        "CDR": 0.5,
        "eTIV": 1476,
        "nWBV": 0.751,
        "ASF": 1.189,
        "Delay": null,
        "Status": "Demented / Impaired",
        "dementia_status": "Demented / Impaired",
        "age_group": "80-90"
      },
      {
        "ID": "OAS1_0287_MR1",
        "M/F": "F",
        "Hand": "R",
        "Age": 78,
        "Educ": 3,
        "SES": 3,
        "MMSE": 21,
        "CDR": 0.5,
        "eTIV": 1194,
        "nWBV": 0.694,
        "ASF": 1.47,
        "Delay": null,
        "Status": "Demented / Impaired",
        "dementia_status": "Demented / Impaired",
        "age_group": "70-80"
      },
      {
        "ID": "OAS1_0288_MR1",
        "M/F": "M",
        "Hand": "R",
        "Age": 71,
        "Educ": 2,
        "SES": 4,
        "MMSE": 20,
        "CDR": 0.5,
        "eTIV": 1461,
        "nWBV": 0.727,
        "ASF": 1.202,
        "Delay": null,
        "Status": "Demented / Impaired",
        "dementia_status": "Demented / Impaired",
        "age_group": "70-80"
      },
      {
        "ID": "OAS1_0289_MR1",
        "M/F": "F",
        "Hand": "R",
        "Age": 59,
        "Educ": 3,
        "SES": 2,
        "MMSE": 28,
        "CDR": 0,
        "eTIV": 1334,
        "nWBV": 0.767,
        "ASF": 1.316,
        "Delay": null,
        "Status": "Nondemented",
        "dementia_status": "Nondemented",
        "age_group": "<60"
      },
      {
        "ID": "OAS1_0290_MR1",
        "M/F": "M",
        "Hand": "R",
        "Age": 83,
        "Educ": 3,
        "SES": 2,
        "MMSE": 26,
        "CDR": 0.5,
        "eTIV": 1992,
        "nWBV": 0.706,
        "ASF": 0.881,
        "Delay": null,
        "Status": "Demented / Impaired",
        "dementia_status": "Demented / Impaired",
        "age_group": "80-90"
      },
      {
        "ID": "OAS1_0291_MR1",
        "M/F": "F",
        "Hand": "R",
        "Age": 73,
        "Educ": 2,
        "SES": 2,
        "MMSE": 19,
        "CDR": 1,
        "eTIV": 1274,
        "nWBV": 0.745,
        "ASF": 1.377,
        "Delay": null,
        "Status": "Demented / Impaired",
        "dementia_status": "Demented / Impaired",
        "age_group": "70-80"
      },
      {
        "ID": "OAS1_0292_MR1",
        "M/F": "F",
        "Hand": "R",
        "Age": 64,
        "Educ": 4,
        "SES": 2,
        "MMSE": 30,
        "CDR": 0,
        "eTIV": 1415,
        "nWBV": 0.766,
        "ASF": 1.24,
        "Delay": null,
        "Status": "Nondemented",
        "dementia_status": "Nondemented",
        "age_group": "60-70"
      },
      {
        "ID": "OAS1_0293_MR1",
        "M/F": "F",
        "Hand": "R",
        "Age": 69,
        "Educ": 1,
        "SES": 2,
        "MMSE": 26,
        "CDR": 0,
        "eTIV": 1384,
        "nWBV": 0.783,
        "ASF": 1.268,
        "Delay": null,
        "Status": "Nondemented",
        "dementia_status": "Nondemented",
        "age_group": "60-70"
      },
      {
        "ID": "OAS1_0298_MR1",
        "M/F": "F",
        "Hand": "R",
        "Age": 72,
        "Educ": 4,
        "SES": 3,
        "MMSE": 24,
        "CDR": 0.5,
        "eTIV": 1354,
        "nWBV": 0.738,
        "ASF": 1.296,
        "Delay": null,
        "Status": "Demented / Impaired",
        "dementia_status": "Demented / Impaired",
        "age_group": "70-80"
      },
      {
        "ID": "OAS1_0299_MR1",
        "M/F": "F",
        "Hand": "R",
        "Age": 90,
        "Educ": 2,
        "SES": 3,
        "MMSE": 29,
        "CDR": 0,
        "eTIV": 1475,
        "nWBV": 0.671,
        "ASF": 1.19,
        "Delay": null,
        "Status": "Nondemented",
        "dementia_status": "Nondemented",
        "age_group": "90+"
      },
      {
        "ID": "OAS1_0300_MR1",
        "M/F": "M",
        "Hand": "R",
        "Age": 68,
        "Educ": 3,
        "SES": 2,
        "MMSE": 30,
        "CDR": 0.5,
        "eTIV": 1556,
        "nWBV": 0.723,
        "ASF": 1.128,
        "Delay": null,
        "Status": "Demented / Impaired",
        "dementia_status": "Demented / Impaired",
        "age_group": "60-70"
      },
      {
        "ID": "OAS1_0301_MR1",
        "M/F": "F",
        "Hand": "R",
        "Age": 90,
        "Educ": 3,
        "SES": 2,
        "MMSE": 28,
        "CDR": 0,
        "eTIV": 1495,
        "nWBV": 0.761,
        "ASF": 1.174,
        "Delay": null,
        "Status": "Nondemented",
        "dementia_status": "Nondemented",
        "age_group": "90+"
      },
      {
        "ID": "OAS1_0303_MR1",
        "M/F": "F",
        "Hand": "R",
        "Age": 67,
        "Educ": 2,
        "SES": 4,
        "MMSE": 30,
        "CDR": 0,
        "eTIV": 1221,
        "nWBV": 0.831,
        "ASF": 1.438,
        "Delay": null,
        "Status": "Nondemented",
        "dementia_status": "Nondemented",
        "age_group": "60-70"
      },
      {
        "ID": "OAS1_0304_MR1",
        "M/F": "M",
        "Hand": "R",
        "Age": 84,
        "Educ": 3,
        "SES": 3,
        "MMSE": 29,
        "CDR": 0.5,
        "eTIV": 1497,
        "nWBV": 0.693,
        "ASF": 1.172,
        "Delay": null,
        "Status": "Demented / Impaired",
        "dementia_status": "Demented / Impaired",
        "age_group": "80-90"
      },
      {
        "ID": "OAS1_0307_MR1",
        "M/F": "M",
        "Hand": "R",
        "Age": 67,
        "Educ": 4,
        "SES": 2,
        "MMSE": 23,
        "CDR": 0.5,
        "eTIV": 1399,
        "nWBV": 0.735,
        "ASF": 1.255,
        "Delay": null,
        "Status": "Demented / Impaired",
        "dementia_status": "Demented / Impaired",
        "age_group": "60-70"
      },
      {
        "ID": "OAS1_0308_MR1",
        "M/F": "F",
        "Hand": "R",
        "Age": 78,
        "Educ": 3,
        "SES": 3,
        "MMSE": 15,
        "CDR": 2,
        "eTIV": 1401,
        "nWBV": 0.703,
        "ASF": 1.253,
        "Delay": null,
        "Status": "Demented / Impaired",
        "dementia_status": "Demented / Impaired",
        "age_group": "70-80"
      },
      {
        "ID": "OAS1_0309_MR1",
        "M/F": "F",
        "Hand": "R",
        "Age": 54,
        "Educ": 2,
        "SES": 2,
        "MMSE": 30,
        "CDR": 0,
        "eTIV": 1441,
        "nWBV": 0.786,
        "ASF": 1.218,
        "Delay": null,
        "Status": "Nondemented",
        "dementia_status": "Nondemented",
        "age_group": "<60"
      },
      {
        "ID": "OAS1_0312_MR1",
        "M/F": "F",
        "Hand": "R",
        "Age": 73,
        "Educ": 3,
        "SES": null,
        "MMSE": 26,
        "CDR": 0.5,
        "eTIV": 1311,
        "nWBV": 0.756,
        "ASF": 1.339,
        "Delay": null,
        "Status": "Demented / Impaired",
        "dementia_status": "Demented / Impaired",
        "age_group": "70-80"
      },
      {
        "ID": "OAS1_0315_MR1",
        "M/F": "M",
        "Hand": "R",
        "Age": 77,
        "Educ": 5,
        "SES": 1,
        "MMSE": 25,
        "CDR": 0.5,
        "eTIV": 1604,
        "nWBV": 0.773,
        "ASF": 1.094,
        "Delay": null,
        "Status": "Demented / Impaired",
        "dementia_status": "Demented / Impaired",
        "age_group": "70-80"
      },
      {
        "ID": "OAS1_0316_MR1",
        "M/F": "F",
        "Hand": "R",
        "Age": 72,
        "Educ": 4,
        "SES": 2,
        "MMSE": 22,
        "CDR": 1,
        "eTIV": 1493,
        "nWBV": 0.69,
        "ASF": 1.176,
        "Delay": null,
        "Status": "Demented / Impaired",
        "dementia_status": "Demented / Impaired",
        "age_group": "70-80"
      },
      {
        "ID": "OAS1_0317_MR1",
        "M/F": "M",
        "Hand": "R",
        "Age": 86,
        "Educ": 4,
        "SES": 1,
        "MMSE": 26,
        "CDR": 0,
        "eTIV": 1501,
        "nWBV": 0.702,
        "ASF": 1.169,
        "Delay": null,
        "Status": "Nondemented",
        "dementia_status": "Nondemented",
        "age_group": "80-90"
      },
      {
        "ID": "OAS1_0322_MR1",
        "M/F": "F",
        "Hand": "R",
        "Age": 65,
        "Educ": 3,
        "SES": 4,
        "MMSE": 29,
        "CDR": 0,
        "eTIV": 1335,
        "nWBV": 0.776,
        "ASF": 1.315,
        "Delay": null,
        "Status": "Nondemented",
        "dementia_status": "Nondemented",
        "age_group": "60-70"
      },
      {
        "ID": "OAS1_0323_MR1",
        "M/F": "F",
        "Hand": "R",
        "Age": 50,
        "Educ": 5,
        "SES": 1,
        "MMSE": 30,
        "CDR": 0,
        "eTIV": 1370,
        "nWBV": 0.826,
        "ASF": 1.281,
        "Delay": null,
        "Status": "Nondemented",
        "dementia_status": "Nondemented",
        "age_group": "<60"
      },
      {
        "ID": "OAS1_0326_MR1",
        "M/F": "F",
        "Hand": "R",
        "Age": 73,
        "Educ": 3,
        "SES": 4,
        "MMSE": 29,
        "CDR": 0,
        "eTIV": 1272,
        "nWBV": 0.7,
        "ASF": 1.38,
        "Delay": null,
        "Status": "Nondemented",
        "dementia_status": "Nondemented",
        "age_group": "70-80"
      },
      {
        "ID": "OAS1_0329_MR1",
        "M/F": "F",
        "Hand": "R",
        "Age": 80,
        "Educ": 2,
        "SES": 3,
        "MMSE": 29,
        "CDR": 0.5,
        "eTIV": 1209,
        "nWBV": 0.76,
        "ASF": 1.451,
        "Delay": null,
        "Status": "Demented / Impaired",
        "dementia_status": "Demented / Impaired",
        "age_group": "80-90"
      },
      {
        "ID": "OAS1_0330_MR1",
        "M/F": "F",
        "Hand": "R",
        "Age": 80,
        "Educ": 1,
        "SES": 5,
        "MMSE": 27,
        "CDR": 0,
        "eTIV": 1381,
        "nWBV": 0.752,
        "ASF": 1.27,
        "Delay": null,
        "Status": "Nondemented",
        "dementia_status": "Nondemented",
        "age_group": "80-90"
      },
      {
        "ID": "OAS1_0332_MR1",
        "M/F": "M",
        "Hand": "R",
        "Age": 72,
        "Educ": 1,
        "SES": 3,
        "MMSE": 29,
        "CDR": 0,
        "eTIV": 1734,
        "nWBV": 0.762,
        "ASF": 1.012,
        "Delay": null,
        "Status": "Nondemented",
        "dementia_status": "Nondemented",
        "age_group": "70-80"
      },
      {
        "ID": "OAS1_0335_MR1",
        "M/F": "F",
        "Hand": "R",
        "Age": 80,
        "Educ": 1,
        "SES": 4,
        "MMSE": 27,
        "CDR": 0.5,
        "eTIV": 1654,
        "nWBV": 0.678,
        "ASF": 1.061,
        "Delay": null,
        "Status": "Demented / Impaired",
        "dementia_status": "Demented / Impaired",
        "age_group": "80-90"
      },
      {
        "ID": "OAS1_0337_MR1",
        "M/F": "M",
        "Hand": "R",
        "Age": 81,
        "Educ": 1,
        "SES": 4,
        "MMSE": 28,
        "CDR": 0,
        "eTIV": 1750,
        "nWBV": 0.676,
        "ASF": 1.003,
        "Delay": null,
        "Status": "Nondemented",
        "dementia_status": "Nondemented",
        "age_group": "80-90"
      },
      {
        "ID": "OAS1_0338_MR1",
        "M/F": "M",
        "Hand": "R",
        "Age": 77,
        "Educ": 4,
        "SES": 1,
        "MMSE": 29,
        "CDR": 0,
        "eTIV": 1818,
        "nWBV": 0.736,
        "ASF": 0.965,
        "Delay": null,
        "Status": "Nondemented",
        "dementia_status": "Nondemented",
        "age_group": "70-80"
      },
      {
        "ID": "OAS1_0339_MR1",
        "M/F": "F",
        "Hand": "R",
        "Age": 79,
        "Educ": 2,
        "SES": null,
        "MMSE": 24,
        "CDR": 0.5,
        "eTIV": 1211,
        "nWBV": 0.694,
        "ASF": 1.449,
        "Delay": null,
        "Status": "Demented / Impaired",
        "dementia_status": "Demented / Impaired",
        "age_group": "70-80"
      },
      {
        "ID": "OAS1_0341_MR1",
        "M/F": "F",
        "Hand": "R",
        "Age": 71,
        "Educ": 2,
        "SES": 4,
        "MMSE": 30,
        "CDR": 0,
        "eTIV": 1479,
        "nWBV": 0.772,
        "ASF": 1.187,
        "Delay": null,
        "Status": "Nondemented",
        "dementia_status": "Nondemented",
        "age_group": "70-80"
      },
      {
        "ID": "OAS1_0342_MR1",
        "M/F": "F",
        "Hand": "R",
        "Age": 88,
        "Educ": 2,
        "SES": 3,
        "MMSE": 28,
        "CDR": 0,
        "eTIV": 1370,
        "nWBV": 0.765,
        "ASF": 1.281,
        "Delay": null,
        "Status": "Nondemented",
        "dementia_status": "Nondemented",
        "age_group": "80-90"
      },
      {
        "ID": "OAS1_0343_MR1",
        "M/F": "M",
        "Hand": "R",
        "Age": 68,
        "Educ": 3,
        "SES": 3,
        "MMSE": 30,
        "CDR": 0,
        "eTIV": 1441,
        "nWBV": 0.811,
        "ASF": 1.217,
        "Delay": null,
        "Status": "Nondemented",
        "dementia_status": "Nondemented",
        "age_group": "60-70"
      },
      {
        "ID": "OAS1_0345_MR1",
        "M/F": "F",
        "Hand": "R",
        "Age": 54,
        "Educ": 4,
        "SES": 2,
        "MMSE": 30,
        "CDR": 0,
        "eTIV": 1389,
        "nWBV": 0.831,
        "ASF": 1.264,
        "Delay": null,
        "Status": "Nondemented",
        "dementia_status": "Nondemented",
        "age_group": "<60"
      },
      {
        "ID": "OAS1_0351_MR1",
        "M/F": "M",
        "Hand": "R",
        "Age": 86,
        "Educ": 1,
        "SES": 4,
        "MMSE": 15,
        "CDR": 2,
        "eTIV": 1512,
        "nWBV": 0.665,
        "ASF": 1.161,
        "Delay": null,
        "Status": "Demented / Impaired",
        "dementia_status": "Demented / Impaired",
        "age_group": "80-90"
      },
      {
        "ID": "OAS1_0352_MR1",
        "M/F": "F",
        "Hand": "R",
        "Age": 81,
        "Educ": 5,
        "SES": 2,
        "MMSE": 26,
        "CDR": 0.5,
        "eTIV": 1174,
        "nWBV": 0.743,
        "ASF": 1.495,
        "Delay": null,
        "Status": "Demented / Impaired",
        "dementia_status": "Demented / Impaired",
        "age_group": "80-90"
      },
      {
        "ID": "OAS1_0354_MR1",
        "M/F": "M",
        "Hand": "R",
        "Age": 74,
        "Educ": 1,
        "SES": 3,
        "MMSE": 26,
        "CDR": 0,
        "eTIV": 1367,
        "nWBV": 0.776,
        "ASF": 1.284,
        "Delay": null,
        "Status": "Nondemented",
        "dementia_status": "Nondemented",
        "age_group": "70-80"
      },
      {
        "ID": "OAS1_0355_MR1",
        "M/F": "F",
        "Hand": "R",
        "Age": 73,
        "Educ": 4,
        "SES": 2,
        "MMSE": 29,
        "CDR": 0,
        "eTIV": 1123,
        "nWBV": 0.79,
        "ASF": 1.563,
        "Delay": null,
        "Status": "Nondemented",
        "dementia_status": "Nondemented",
        "age_group": "70-80"
      },
      {
        "ID": "OAS1_0356_MR1",
        "M/F": "F",
        "Hand": "R",
        "Age": 68,
        "Educ": 3,
        "SES": 2,
        "MMSE": 30,
        "CDR": 0,
        "eTIV": 1506,
        "nWBV": 0.74,
        "ASF": 1.165,
        "Delay": null,
        "Status": "Nondemented",
        "dementia_status": "Nondemented",
        "age_group": "60-70"
      },
      {
        "ID": "OAS1_0357_MR1",
        "M/F": "F",
        "Hand": "R",
        "Age": 55,
        "Educ": 4,
        "SES": 3,
        "MMSE": 30,
        "CDR": 0,
        "eTIV": 1450,
        "nWBV": 0.82,
        "ASF": 1.21,
        "Delay": null,
        "Status": "Nondemented",
        "dementia_status": "Nondemented",
        "age_group": "<60"
      },
      {
        "ID": "OAS1_0358_MR1",
        "M/F": "M",
        "Hand": "R",
        "Age": 65,
        "Educ": 3,
        "SES": 3,
        "MMSE": 29,
        "CDR": 0,
        "eTIV": 1362,
        "nWBV": 0.839,
        "ASF": 1.289,
        "Delay": null,
        "Status": "Nondemented",
        "dementia_status": "Nondemented",
        "age_group": "60-70"
      },
      {
        "ID": "OAS1_0362_MR1",
        "M/F": "F",
        "Hand": "R",
        "Age": 63,
        "Educ": 3,
        "SES": null,
        "MMSE": 14,
        "CDR": 0.5,
        "eTIV": 1439,
        "nWBV": 0.716,
        "ASF": 1.219,
        "Delay": null,
        "Status": "Demented / Impaired",
        "dementia_status": "Demented / Impaired",
        "age_group": "60-70"
      },
      {
        "ID": "OAS1_0363_MR1",
        "M/F": "M",
        "Hand": "R",
        "Age": 87,
        "Educ": 4,
        "SES": 2,
        "MMSE": 30,
        "CDR": 0,
        "eTIV": 1398,
        "nWBV": 0.702,
        "ASF": 1.255,
        "Delay": null,
        "Status": "Nondemented",
        "dementia_status": "Nondemented",
        "age_group": "80-90"
      },
      {
        "ID": "OAS1_0365_MR1",
        "M/F": "M",
        "Hand": "R",
        "Age": 74,
        "Educ": 5,
        "SES": 2,
        "MMSE": 30,
        "CDR": 0,
        "eTIV": 1806,
        "nWBV": 0.754,
        "ASF": 0.972,
        "Delay": null,
        "Status": "Nondemented",
        "dementia_status": "Nondemented",
        "age_group": "70-80"
      },
      {
        "ID": "OAS1_0366_MR1",
        "M/F": "F",
        "Hand": "R",
        "Age": 45,
        "Educ": 5,
        "SES": 2,
        "MMSE": 29,
        "CDR": 0,
        "eTIV": 1549,
        "nWBV": 0.813,
        "ASF": 1.133,
        "Delay": null,
        "Status": "Nondemented",
        "dementia_status": "Nondemented",
        "age_group": "<60"
      },
      {
        "ID": "OAS1_0367_MR1",
        "M/F": "F",
        "Hand": "R",
        "Age": 46,
        "Educ": 2,
        "SES": 2,
        "MMSE": 28,
        "CDR": 0,
        "eTIV": 1161,
        "nWBV": 0.841,
        "ASF": 1.511,
        "Delay": null,
        "Status": "Nondemented",
        "dementia_status": "Nondemented",
        "age_group": "<60"
      },
      {
        "ID": "OAS1_0369_MR1",
        "M/F": "F",
        "Hand": "R",
        "Age": 73,
        "Educ": 4,
        "SES": 1,
        "MMSE": 28,
        "CDR": 0,
        "eTIV": 1295,
        "nWBV": 0.772,
        "ASF": 1.356,
        "Delay": null,
        "Status": "Nondemented",
        "dementia_status": "Nondemented",
        "age_group": "70-80"
      },
      {
        "ID": "OAS1_0371_MR1",
        "M/F": "F",
        "Hand": "R",
        "Age": 70,
        "Educ": 3,
        "SES": 4,
        "MMSE": 30,
        "CDR": 0,
        "eTIV": 1361,
        "nWBV": 0.783,
        "ASF": 1.29,
        "Delay": null,
        "Status": "Nondemented",
        "dementia_status": "Nondemented",
        "age_group": "70-80"
      },
      {
        "ID": "OAS1_0372_MR1",
        "M/F": "M",
        "Hand": "R",
        "Age": 59,
        "Educ": 3,
        "SES": 2,
        "MMSE": 29,
        "CDR": 0,
        "eTIV": 1596,
        "nWBV": 0.817,
        "ASF": 1.1,
        "Delay": null,
        "Status": "Nondemented",
        "dementia_status": "Nondemented",
        "age_group": "<60"
      },
      {
        "ID": "OAS1_0373_MR1",
        "M/F": "F",
        "Hand": "R",
        "Age": 80,
        "Educ": 3,
        "SES": 2,
        "MMSE": 20,
        "CDR": 1,
        "eTIV": 1732,
        "nWBV": 0.692,
        "ASF": 1.013,
        "Delay": null,
        "Status": "Demented / Impaired",
        "dementia_status": "Demented / Impaired",
        "age_group": "80-90"
      },
      {
        "ID": "OAS1_0374_MR1",
        "M/F": "F",
        "Hand": "R",
        "Age": 73,
        "Educ": 3,
        "SES": 3,
        "MMSE": 29,
        "CDR": 0.5,
        "eTIV": 1238,
        "nWBV": 0.76,
        "ASF": 1.418,
        "Delay": null,
        "Status": "Demented / Impaired",
        "dementia_status": "Demented / Impaired",
        "age_group": "70-80"
      },
      {
        "ID": "OAS1_0378_MR1",
        "M/F": "F",
        "Hand": "R",
        "Age": 58,
        "Educ": 2,
        "SES": 2,
        "MMSE": 30,
        "CDR": 0,
        "eTIV": 1418,
        "nWBV": 0.821,
        "ASF": 1.238,
        "Delay": null,
        "Status": "Nondemented",
        "dementia_status": "Nondemented",
        "age_group": "<60"
      },
      {
        "ID": "OAS1_0380_MR1",
        "M/F": "F",
        "Hand": "R",
        "Age": 83,
        "Educ": 1,
        "SES": 5,
        "MMSE": 18,
        "CDR": 0.5,
        "eTIV": 1313,
        "nWBV": 0.705,
        "ASF": 1.337,
        "Delay": null,
        "Status": "Demented / Impaired",
        "dementia_status": "Demented / Impaired",
        "age_group": "80-90"
      },
      {
        "ID": "OAS1_0381_MR1",
        "M/F": "M",
        "Hand": "R",
        "Age": 59,
        "Educ": 4,
        "SES": 2,
        "MMSE": 29,
        "CDR": 0,
        "eTIV": 1795,
        "nWBV": 0.809,
        "ASF": 0.978,
        "Delay": null,
        "Status": "Nondemented",
        "dementia_status": "Nondemented",
        "age_group": "<60"
      },
      {
        "ID": "OAS1_0382_MR1",
        "M/F": "F",
        "Hand": "R",
        "Age": 67,
        "Educ": 4,
        "SES": null,
        "MMSE": 15,
        "CDR": 1,
        "eTIV": 1288,
        "nWBV": 0.763,
        "ASF": 1.362,
        "Delay": null,
        "Status": "Demented / Impaired",
        "dementia_status": "Demented / Impaired",
        "age_group": "60-70"
      },
      {
        "ID": "OAS1_0388_MR1",
        "M/F": "F",
        "Hand": "R",
        "Age": 77,
        "Educ": 2,
        "SES": 4,
        "MMSE": 22,
        "CDR": 1,
        "eTIV": 1350,
        "nWBV": 0.736,
        "ASF": 1.3,
        "Delay": null,
        "Status": "Demented / Impaired",
        "dementia_status": "Demented / Impaired",
        "age_group": "70-80"
      },
      {
        "ID": "OAS1_0390_MR1",
        "M/F": "M",
        "Hand": "R",
        "Age": 69,
        "Educ": 2,
        "SES": 2,
        "MMSE": 24,
        "CDR": 0.5,
        "eTIV": 1480,
        "nWBV": 0.794,
        "ASF": 1.186,
        "Delay": null,
        "Status": "Demented / Impaired",
        "dementia_status": "Demented / Impaired",
        "age_group": "60-70"
      },
      {
        "ID": "OAS1_0398_MR1",
        "M/F": "M",
        "Hand": "R",
        "Age": 71,
        "Educ": 5,
        "SES": 1,
        "MMSE": 30,
        "CDR": 0,
        "eTIV": 1769,
        "nWBV": 0.716,
        "ASF": 0.992,
        "Delay": null,
        "Status": "Nondemented",
        "dementia_status": "Nondemented",
        "age_group": "70-80"
      },
      {
        "ID": "OAS1_0399_MR1",
        "M/F": "M",
        "Hand": "R",
        "Age": 78,
        "Educ": 2,
        "SES": null,
        "MMSE": 29,
        "CDR": 1,
        "eTIV": 1569,
        "nWBV": 0.706,
        "ASF": 1.119,
        "Delay": null,
        "Status": "Demented / Impaired",
        "dementia_status": "Demented / Impaired",
        "age_group": "70-80"
      },
      {
        "ID": "OAS1_0400_MR1",
        "M/F": "F",
        "Hand": "R",
        "Age": 92,
        "Educ": 5,
        "SES": 1,
        "MMSE": 25,
        "CDR": 0.5,
        "eTIV": 1774,
        "nWBV": 0.644,
        "ASF": 0.989,
        "Delay": null,
        "Status": "Demented / Impaired",
        "dementia_status": "Demented / Impaired",
        "age_group": "90+"
      },
      {
        "ID": "OAS1_0401_MR1",
        "M/F": "F",
        "Hand": "R",
        "Age": 54,
        "Educ": 4,
        "SES": 3,
        "MMSE": 29,
        "CDR": 0,
        "eTIV": 1287,
        "nWBV": 0.827,
        "ASF": 1.364,
        "Delay": null,
        "Status": "Nondemented",
        "dementia_status": "Nondemented",
        "age_group": "<60"
      },
      {
        "ID": "OAS1_0402_MR1",
        "M/F": "F",
        "Hand": "R",
        "Age": 76,
        "Educ": 3,
        "SES": 2,
        "MMSE": 30,
        "CDR": 0.5,
        "eTIV": 1350,
        "nWBV": 0.763,
        "ASF": 1.3,
        "Delay": null,
        "Status": "Demented / Impaired",
        "dementia_status": "Demented / Impaired",
        "age_group": "70-80"
      },
      {
        "ID": "OAS1_0404_MR1",
        "M/F": "F",
        "Hand": "R",
        "Age": 73,
        "Educ": 2,
        "SES": 2,
        "MMSE": 29,
        "CDR": 0,
        "eTIV": 1465,
        "nWBV": 0.776,
        "ASF": 1.198,
        "Delay": null,
        "Status": "Nondemented",
        "dementia_status": "Nondemented",
        "age_group": "70-80"
      },
      {
        "ID": "OAS1_0405_MR1",
        "M/F": "M",
        "Hand": "R",
        "Age": 77,
        "Educ": 5,
        "SES": 1,
        "MMSE": 23,
        "CDR": 1,
        "eTIV": 1713,
        "nWBV": 0.761,
        "ASF": 1.024,
        "Delay": null,
        "Status": "Demented / Impaired",
        "dementia_status": "Demented / Impaired",
        "age_group": "70-80"
      },
      {
        "ID": "OAS1_0411_MR1",
        "M/F": "F",
        "Hand": "R",
        "Age": 71,
        "Educ": 5,
        "SES": 1,
        "MMSE": 29,
        "CDR": 0.5,
        "eTIV": 1346,
        "nWBV": 0.742,
        "ASF": 1.304,
        "Delay": null,
        "Status": "Demented / Impaired",
        "dementia_status": "Demented / Impaired",
        "age_group": "70-80"
      },
      {
        "ID": "OAS1_0418_MR1",
        "M/F": "M",
        "Hand": "R",
        "Age": 74,
        "Educ": 5,
        "SES": 2,
        "MMSE": 28,
        "CDR": 0.5,
        "eTIV": 1659,
        "nWBV": 0.747,
        "ASF": 1.058,
        "Delay": null,
        "Status": "Demented / Impaired",
        "dementia_status": "Demented / Impaired",
        "age_group": "70-80"
      },
      {
        "ID": "OAS1_0422_MR1",
        "M/F": "F",
        "Hand": "R",
        "Age": 69,
        "Educ": 4,
        "SES": 3,
        "MMSE": 29,
        "CDR": 0,
        "eTIV": 1380,
        "nWBV": 0.809,
        "ASF": 1.272,
        "Delay": null,
        "Status": "Nondemented",
        "dementia_status": "Nondemented",
        "age_group": "60-70"
      },
      {
        "ID": "OAS1_0423_MR1",
        "M/F": "M",
        "Hand": "R",
        "Age": 75,
        "Educ": 2,
        "SES": 4,
        "MMSE": 28,
        "CDR": 0,
        "eTIV": 1511,
        "nWBV": 0.749,
        "ASF": 1.162,
        "Delay": null,
        "Status": "Nondemented",
        "dementia_status": "Nondemented",
        "age_group": "70-80"
      },
      {
        "ID": "OAS1_0424_MR1",
        "M/F": "M",
        "Hand": "R",
        "Age": 75,
        "Educ": 4,
        "SES": 1,
        "MMSE": 20,
        "CDR": 1,
        "eTIV": 1613,
        "nWBV": 0.715,
        "ASF": 1.088,
        "Delay": null,
        "Status": "Demented / Impaired",
        "dementia_status": "Demented / Impaired",
        "age_group": "70-80"
      },
      {
        "ID": "OAS1_0425_MR1",
        "M/F": "F",
        "Hand": "R",
        "Age": 78,
        "Educ": 1,
        "SES": 4,
        "MMSE": 23,
        "CDR": 1,
        "eTIV": 1461,
        "nWBV": 0.715,
        "ASF": 1.201,
        "Delay": null,
        "Status": "Demented / Impaired",
        "dementia_status": "Demented / Impaired",
        "age_group": "70-80"
      },
      {
        "ID": "OAS1_0426_MR1",
        "M/F": "F",
        "Hand": "R",
        "Age": 82,
        "Educ": 5,
        "SES": 2,
        "MMSE": 29,
        "CDR": 0,
        "eTIV": 1316,
        "nWBV": 0.791,
        "ASF": 1.334,
        "Delay": null,
        "Status": "Nondemented",
        "dementia_status": "Nondemented",
        "age_group": "80-90"
      },
      {
        "ID": "OAS1_0428_MR1",
        "M/F": "F",
        "Hand": "R",
        "Age": 84,
        "Educ": 4,
        "SES": 3,
        "MMSE": 28,
        "CDR": 0,
        "eTIV": 1500,
        "nWBV": 0.751,
        "ASF": 1.17,
        "Delay": null,
        "Status": "Nondemented",
        "dementia_status": "Nondemented",
        "age_group": "80-90"
      },
      {
        "ID": "OAS1_0430_MR1",
        "M/F": "M",
        "Hand": "R",
        "Age": 71,
        "Educ": 4,
        "SES": 1,
        "MMSE": 17,
        "CDR": 1,
        "eTIV": 1562,
        "nWBV": 0.687,
        "ASF": 1.123,
        "Delay": null,
        "Status": "Demented / Impaired",
        "dementia_status": "Demented / Impaired",
        "age_group": "70-80"
      },
      {
        "ID": "OAS1_0432_MR1",
        "M/F": "F",
        "Hand": "R",
        "Age": 72,
        "Educ": 2,
        "SES": 4,
        "MMSE": 26,
        "CDR": 0.5,
        "eTIV": 1453,
        "nWBV": 0.773,
        "ASF": 1.208,
        "Delay": null,
        "Status": "Demented / Impaired",
        "dementia_status": "Demented / Impaired",
        "age_group": "70-80"
      },
      {
        "ID": "OAS1_0433_MR1",
        "M/F": "M",
        "Hand": "R",
        "Age": 58,
        "Educ": 4,
        "SES": 1,
        "MMSE": 27,
        "CDR": 0,
        "eTIV": 1606,
        "nWBV": 0.779,
        "ASF": 1.093,
        "Delay": null,
        "Status": "Nondemented",
        "dementia_status": "Nondemented",
        "age_group": "<60"
      },
      {
        "ID": "OAS1_0438_MR1",
        "M/F": "F",
        "Hand": "R",
        "Age": 66,
        "Educ": 5,
        "SES": 2,
        "MMSE": 29,
        "CDR": 0,
        "eTIV": 1191,
        "nWBV": 0.787,
        "ASF": 1.474,
        "Delay": null,
        "Status": "Nondemented",
        "dementia_status": "Nondemented",
        "age_group": "60-70"
      },
      {
        "ID": "OAS1_0440_MR1",
        "M/F": "M",
        "Hand": "R",
        "Age": 86,
        "Educ": 1,
        "SES": 4,
        "MMSE": 27,
        "CDR": 0.5,
        "eTIV": 1320,
        "nWBV": 0.723,
        "ASF": 1.329,
        "Delay": null,
        "Status": "Demented / Impaired",
        "dementia_status": "Demented / Impaired",
        "age_group": "80-90"
      },
      {
        "ID": "OAS1_0441_MR1",
        "M/F": "M",
        "Hand": "R",
        "Age": 81,
        "Educ": 5,
        "SES": 1,
        "MMSE": 29,
        "CDR": 0.5,
        "eTIV": 1647,
        "nWBV": 0.721,
        "ASF": 1.066,
        "Delay": null,
        "Status": "Demented / Impaired",
        "dementia_status": "Demented / Impaired",
        "age_group": "80-90"
      },
      {
        "ID": "OAS1_0443_MR1",
        "M/F": "F",
        "Hand": "R",
        "Age": 52,
        "Educ": 3,
        "SES": 3,
        "MMSE": 30,
        "CDR": 0,
        "eTIV": 1431,
        "nWBV": 0.814,
        "ASF": 1.226,
        "Delay": null,
        "Status": "Nondemented",
        "dementia_status": "Nondemented",
        "age_group": "<60"
      },
      {
        "ID": "OAS1_0445_MR1",
        "M/F": "F",
        "Hand": "R",
        "Age": 90,
        "Educ": 1,
        "SES": 2,
        "MMSE": 29,
        "CDR": 0,
        "eTIV": 1362,
        "nWBV": 0.673,
        "ASF": 1.289,
        "Delay": null,
        "Status": "Nondemented",
        "dementia_status": "Nondemented",
        "age_group": "90+"
      },
      {
        "ID": "OAS1_0446_MR1",
        "M/F": "F",
        "Hand": "R",
        "Age": 80,
        "Educ": 2,
        "SES": 4,
        "MMSE": 30,
        "CDR": 0,
        "eTIV": 1390,
        "nWBV": 0.748,
        "ASF": 1.263,
        "Delay": null,
        "Status": "Nondemented",
        "dementia_status": "Nondemented",
        "age_group": "80-90"
      },
      {
        "ID": "OAS1_0447_MR1",
        "M/F": "F",
        "Hand": "R",
        "Age": 92,
        "Educ": 4,
        "SES": 1,
        "MMSE": 24,
        "CDR": 0.5,
        "eTIV": 1388,
        "nWBV": 0.739,
        "ASF": 1.264,
        "Delay": null,
        "Status": "Demented / Impaired",
        "dementia_status": "Demented / Impaired",
        "age_group": "90+"
      },
      {
        "ID": "OAS1_0449_MR1",
        "M/F": "F",
        "Hand": "R",
        "Age": 71,
        "Educ": 3,
        "SES": 4,
        "MMSE": 29,
        "CDR": 0,
        "eTIV": 1264,
        "nWBV": 0.818,
        "ASF": 1.388,
        "Delay": null,
        "Status": "Nondemented",
        "dementia_status": "Nondemented",
        "age_group": "70-80"
      },
      {
        "ID": "OAS1_0451_MR1",
        "M/F": "M",
        "Hand": "R",
        "Age": 73,
        "Educ": 5,
        "SES": 3,
        "MMSE": 27,
        "CDR": 0.5,
        "eTIV": 1687,
        "nWBV": 0.728,
        "ASF": 1.04,
        "Delay": null,
        "Status": "Demented / Impaired",
        "dementia_status": "Demented / Impaired",
        "age_group": "70-80"
      },
      {
        "ID": "OAS1_0452_MR1",
        "M/F": "M",
        "Hand": "R",
        "Age": 75,
        "Educ": 1,
        "SES": 4,
        "MMSE": 22,
        "CDR": 1,
        "eTIV": 1656,
        "nWBV": 0.762,
        "ASF": 1.06,
        "Delay": null,
        "Status": "Demented / Impaired",
        "dementia_status": "Demented / Impaired",
        "age_group": "70-80"
      },
      {
        "ID": "OAS1_0453_MR1",
        "M/F": "F",
        "Hand": "R",
        "Age": 70,
        "Educ": 1,
        "SES": 4,
        "MMSE": 29,
        "CDR": 0.5,
        "eTIV": 1295,
        "nWBV": 0.748,
        "ASF": 1.355,
        "Delay": null,
        "Status": "Demented / Impaired",
        "dementia_status": "Demented / Impaired",
        "age_group": "70-80"
      },
      {
        "ID": "OAS1_0454_MR1",
        "M/F": "F",
        "Hand": "R",
        "Age": 73,
        "Educ": 3,
        "SES": 2,
        "MMSE": 23,
        "CDR": 0.5,
        "eTIV": 1536,
        "nWBV": 0.73,
        "ASF": 1.142,
        "Delay": null,
        "Status": "Demented / Impaired",
        "dementia_status": "Demented / Impaired",
        "age_group": "70-80"
      },
      {
        "ID": "OAS1_0455_MR1",
        "M/F": "F",
        "Hand": "R",
        "Age": 61,
        "Educ": 2,
        "SES": 4,
        "MMSE": 28,
        "CDR": 0,
        "eTIV": 1354,
        "nWBV": 0.825,
        "ASF": 1.297,
        "Delay": null,
        "Status": "Nondemented",
        "dementia_status": "Nondemented",
        "age_group": "60-70"
      },
      {
        "ID": "OAS1_0456_MR1",
        "M/F": "M",
        "Hand": "R",
        "Age": 61,
        "Educ": 5,
        "SES": 2,
        "MMSE": 30,
        "CDR": 0,
        "eTIV": 1637,
        "nWBV": 0.78,
        "ASF": 1.072,
        "Delay": null,
        "Status": "Nondemented",
        "dementia_status": "Nondemented",
        "age_group": "60-70"
      },
      {
        "ID": "OAS1_0457_MR1",
        "M/F": "F",
        "Hand": "R",
        "Age": 62,
        "Educ": 3,
        "SES": 3,
        "MMSE": 26,
        "CDR": 0,
        "eTIV": 1372,
        "nWBV": 0.766,
        "ASF": 1.279,
        "Delay": null,
        "Status": "Nondemented",
        "dementia_status": "Nondemented",
        "age_group": "60-70"
      }
    ]
  }
}